N1,N2,N3,N4,N5,Peso,MetodoCalculo
4,17,23,27,29,4.62283183804923,Fusión
3,17,23,27,29,4.6167604094778,Fusión
17,23,24,27,29,4.59628421900161,Fusión
17,23,27,29,31,4.585331838049229,Fusión
3,4,17,27,29,4.546853002070393,Fusión
3,4,23,27,29,4.540450885668276,Fusión
4,17,24,27,29,4.5263768115942025,Fusión
16,17,23,27,29,4.522831838049229,Fusión
3,17,24,27,29,4.520305383022774,Fusión
4,23,24,27,29,4.5199746951920865,Fusión
4,17,27,29,31,4.515424430641822,Fusión
3,23,24,27,29,4.513903266620658,Fusión
3,17,27,29,31,4.509353002070394,Fusión
4,23,27,29,31,4.509022314239705,Fusión
3,23,27,29,31,4.502950885668277,Fusión
17,23,27,29,39,4.501998504715896,Fusión
10,17,23,27,29,4.499617552334944,Fusión
17,24,27,29,31,4.488876811594203,Fusión
23,24,27,29,31,4.482474695192087,Fusión
8,17,23,27,29,4.478747475909311,Fusión
3,4,17,23,29,4.4787169312169315,Fusión
3,4,17,23,27,4.465688980906372,Fusión
17,23,27,29,34,4.461671123763515,Fusión
17,22,23,27,29,4.459141361858753,Fusión
4,17,23,24,29,4.458240740740741,Fusión
4,16,17,27,29,4.452924430641822,Fusión
3,17,23,24,29,4.452169312169312,Fusión
4,17,23,29,31,4.4472883597883595,Fusión
3,16,17,27,29,4.446853002070394,Fusión
4,16,23,27,29,4.446522314239705,Fusión
4,17,23,24,27,4.4452127904301815,Fusión
3,4,24,27,29,4.44399585921325,Fusión
3,17,23,29,31,4.441216931216931,Fusión
3,16,23,27,29,4.440450885668277,Fusión
3,17,23,24,27,4.439141361858753,Fusión
4,17,23,27,31,4.434260409477801,Fusión
3,4,27,29,31,4.43304347826087,Fusión
4,17,27,29,39,4.432091097308488,Fusión
4,10,17,27,29,4.429710144927536,Fusión
3,17,23,27,31,4.428188980906373,Fusión
16,17,24,27,29,4.426376811594203,Fusión
3,17,27,29,39,4.42601966873706,Fusión
4,23,27,29,39,4.425688980906372,Fusión
3,10,17,27,29,4.423638716356107,Fusión
4,10,23,27,29,4.42330802852542,Fusión
17,23,24,29,31,4.420740740740741,Fusión
16,23,24,27,29,4.419974695192087,Fusión
3,23,27,29,39,4.419617552334944,Fusión
3,10,23,27,29,4.417236599953991,Fusión
16,17,27,29,31,4.4154244306418216,Fusión
4,24,27,29,31,4.412567287784679,Fusión
16,23,27,29,31,4.409022314239706,Fusión
4,8,17,27,29,4.408840068501904,Fusión
17,23,24,27,31,4.407712790430182,Fusión
3,24,27,29,31,4.40649585921325,Fusión
17,24,27,29,39,4.40554347826087,Fusión
10,17,24,27,29,4.403162525879917,Fusión
3,8,17,27,29,4.402768639930476,Fusión
4,8,23,27,29,4.402437952099787,Fusión
23,24,27,29,39,4.399141361858753,Fusión
10,23,24,27,29,4.396760409477801,Fusión
3,8,23,27,29,4.396366523528359,Fusión
17,27,29,31,39,4.3945910973084885,Fusión
10,17,27,29,31,4.392210144927536,Fusión
4,17,27,29,34,4.391763716356108,Fusión
4,17,22,27,29,4.3892339544513455,Fusión
23,27,29,31,39,4.3881889809063725,Fusión
10,23,27,29,31,4.38580802852542,Fusión
3,17,27,29,34,4.385692287784679,Fusión
4,23,27,29,34,4.385361599953991,Fusión
4,16,17,23,29,4.3847883597883595,Fusión
3,17,22,27,29,4.383162525879917,Fusión
4,22,23,27,29,4.3828318380492295,Fusión
8,17,24,27,29,4.382292449454285,Fusión
3,4,17,24,29,4.382261904761904,Fusión
3,23,27,29,34,4.3792901713825625,Fusión
3,16,17,23,29,4.378716931216931,Fusión
3,22,23,27,29,4.376760409477801,Fusión
8,23,24,27,29,4.375890333052169,Fusión
3,4,23,24,29,4.375859788359788,Fusión
4,16,17,23,27,4.371760409477801,Fusión
8,17,27,29,31,4.371340068501904,Fusión
3,4,17,29,31,4.371309523809524,Fusión
3,4,16,27,29,4.37054347826087,Fusión
3,4,17,24,27,4.369233954451346,Fusión
3,16,17,23,27,4.365688980906373,Fusión
17,24,27,29,34,4.365216097308489,Fusión
8,23,27,29,31,4.364937952099788,Fusión
3,4,23,29,31,4.364907407407407,Fusión
4,17,23,29,39,4.363955026455026,Fusión
3,4,23,24,27,4.362831838049229,Fusión
17,22,24,27,29,4.362686335403727,Fusión
4,10,17,23,29,4.361574074074074,Fusión
23,24,27,29,34,4.358813980906373,Fusión
3,4,17,27,31,4.358281573498965,Fusión
16,17,23,24,29,4.358240740740741,Fusión
3,17,23,29,39,4.357883597883598,Fusión
22,23,24,27,29,4.35628421900161,Fusión
3,10,17,23,29,4.3555026455026455,Fusión
17,27,29,31,34,4.354263716356107,Fusión
3,4,23,27,31,4.351879457096849,Fusión
17,22,27,29,31,4.351733954451346,Fusión
4,17,23,27,39,4.350927076144467,Fusión
4,17,24,29,31,4.350833333333333,Fusión
4,16,24,27,29,4.350067287784679,Fusión
3,4,27,29,39,4.349710144927536,Fusión
4,10,17,23,27,4.348546123763515,Fusión
23,27,29,31,34,4.347861599953991,Fusión
3,4,10,27,29,4.347329192546583,Fusión
16,17,23,29,31,4.34728835978836,Fusión
22,23,27,29,31,4.34533183804923,Fusión
16,17,23,24,27,4.345212790430182,Fusión
3,17,23,27,39,4.344855647573039,Fusión
3,17,24,29,31,4.344761904761905,Fusión
4,23,24,29,31,4.344431216931217,Fusión
3,16,24,27,29,4.34399585921325,Fusión
3,10,17,23,27,4.342474695192086,Fusión
4,8,17,23,29,4.340703997648442,Fusión
4,16,27,29,31,4.339114906832298,Fusión
3,23,24,29,31,4.338359788359789,Fusión
4,17,24,27,31,4.337805383022775,Fusión
17,23,24,29,39,4.337407407407407,Fusión
10,17,23,24,29,4.335026455026455,Fusión
3,8,17,23,29,4.334632569077013,Fusión
16,17,23,27,31,4.334260409477801,Fusión
3,16,27,29,31,4.333043478260869,Fusión
16,17,27,29,39,4.3320910973084885,Fusión
3,17,24,27,31,4.331733954451346,Fusión
4,23,24,27,31,4.331403266620658,Fusión
10,16,17,27,29,4.329710144927536,Fusión
4,24,27,29,39,4.329233954451346,Fusión
4,8,17,23,27,4.327676047337883,Fusión
4,10,24,27,29,4.3268530020703935,Fusión
3,4,8,27,29,4.326459116120952,Fusión
17,23,29,31,39,4.326455026455027,Fusión
16,23,27,29,39,4.3256889809063725,Fusión
3,23,24,27,31,4.325331838049229,Fusión
17,23,24,27,39,4.324379457096849,Fusión
10,17,23,29,31,4.324074074074074,Fusión
4,17,23,29,34,4.323627645502645,Fusión
10,16,23,27,29,4.32330802852542,Fusión
3,24,27,29,39,4.323162525879917,Fusión
10,17,23,24,27,4.321998504715896,Fusión
3,8,17,23,27,4.321604618766455,Fusión
4,17,22,23,29,4.321097883597884,Fusión
3,10,24,27,29,4.320781573498965,Fusión
4,27,29,31,39,4.318281573498965,Fusión
3,17,23,29,34,4.317556216931217,Fusión
4,10,27,29,31,4.315900621118012,Fusión
3,17,22,23,29,4.315026455026455,Fusión
8,17,23,24,29,4.314156378600823,Fusión
17,23,27,31,39,4.3134270761444675,Fusión
16,24,27,29,31,4.312567287784679,Fusión
3,27,29,31,39,4.312210144927536,Fusión
10,17,23,27,31,4.311046123763515,Fusión
4,17,23,27,34,4.310599695192087,Fusión
3,10,27,29,31,4.309829192546584,Fusión
3,4,27,29,34,4.309382763975155,Fusión
10,17,27,29,39,4.308876811594203,Fusión
8,16,17,27,29,4.308840068501904,Fusión
3,4,16,17,29,4.308809523809524,Fusión
4,17,22,23,27,4.3080699332873245,Fusión
3,4,22,27,29,4.306853002070393,Fusión
4,8,24,27,29,4.305982925644761,Fusión
3,17,23,27,34,4.304528266620658,Fusión
8,17,23,29,31,4.303203997648442,Fusión
10,23,27,29,39,4.302474695192086,Fusión
8,16,23,27,29,4.302437952099788,Fusión
3,4,16,23,29,4.302407407407407,Fusión
3,17,22,23,27,4.301998504715896,Fusión
8,17,23,24,27,4.301128428290264,Fusión
3,4,17,23,24,4.301097883597883,Fusión
3,8,24,27,29,4.2999114970733325,Fusión
17,23,24,29,34,4.297080026455027,Fusión
3,4,16,17,27,4.295781573498965,Fusión
4,8,27,29,31,4.29503054469238,Fusión
17,22,23,24,29,4.2945502645502645,Fusión
16,17,27,29,34,4.291763716356107,Fusión
24,27,29,31,39,4.291733954451346,Fusión
8,17,23,27,31,4.290176047337883,Fusión
3,4,17,23,31,4.290145502645503,Fusión
3,4,16,23,27,4.289379457096849,Fusión
10,24,27,29,31,4.289353002070394,Fusión
16,17,22,27,29,4.289233954451346,Fusión
3,8,27,29,31,4.288959116120951,Fusión
4,24,27,29,34,4.288906573498965,Fusión
4,16,17,24,29,4.288333333333333,Fusión
8,17,27,29,39,4.288006735168571,Fusión
3,4,17,29,39,4.28797619047619,Fusión
4,22,24,27,29,4.286376811594203,Fusión
17,23,29,31,34,4.286127645502646,Fusión
8,10,17,27,29,4.285625782787618,Fusión
3,4,10,17,29,4.285595238095238,Fusión
16,23,27,29,34,4.285361599953991,Fusión
17,23,24,27,34,4.284052076144468,Fusión
17,22,23,29,31,4.283597883597884,Fusión
3,24,27,29,34,4.282835144927536,Fusión
16,22,23,27,29,4.28283183804923,Fusión
3,16,17,24,29,4.282261904761905,Fusión
4,16,23,24,29,4.281931216931217,Fusión
8,23,27,29,39,4.281604618766455,Fusión
3,4,23,29,39,4.281574074074074,Fusión
17,22,23,24,27,4.281522314239706,Fusión
3,22,24,27,29,4.280305383022775,Fusión
8,10,23,27,29,4.279223666385502,Fusión
3,4,10,23,29,4.279193121693122,Fusión
4,27,29,31,34,4.277954192546583,Fusión
4,16,17,29,31,4.277380952380952,Fusión
3,16,23,24,29,4.275859788359789,Fusión
4,22,27,29,31,4.275424430641822,Fusión
4,16,17,24,27,4.275305383022775,Fusión
3,4,17,27,39,4.274948240165632,Fusión
17,23,27,31,34,4.273099695192086,Fusión
3,4,10,17,27,4.272567287784679,Fusión
3,27,29,31,34,4.271882763975155,Fusión
3,16,17,29,31,4.271309523809523,Fusión
4,16,23,29,31,4.270978835978836,Fusión
17,27,29,34,39,4.270930383022774,Fusión
17,22,23,27,31,4.270569933287325,Fusión
4,17,23,24,31,4.269669312169312,Fusión
3,22,27,29,31,4.269353002070393,Fusión
3,16,17,24,27,4.269233954451346,Fusión
4,16,23,24,27,4.268903266620658,Fusión
10,17,27,29,34,4.268549430641822,Fusión
3,4,23,27,39,4.268546123763515,Fusión
8,24,27,29,31,4.268482925644761,Fusión
3,4,24,29,31,4.268452380952381,Fusión
17,22,27,29,39,4.268400621118013,Fusión
4,17,24,29,39,4.2675,Fusión
3,4,10,23,27,4.266165171382562,Fusión
10,17,22,27,29,4.26601966873706,Fusión
4,10,17,24,29,4.265119047619048,Fusión
3,16,23,29,31,4.264907407407407,Fusión
3,4,8,17,29,4.264725161669606,Fusión
23,27,29,34,39,4.264528266620658,Fusión
4,16,17,27,31,4.2643530020703935,Fusión
16,17,23,29,39,4.263955026455027,Fusión
3,17,23,24,31,4.263597883597884,Fusión
3,16,23,24,27,4.262831838049229,Fusión
10,23,27,29,34,4.262147314239706,Fusión
22,23,27,29,39,4.261998504715896,Fusión
10,16,17,23,29,4.261574074074074,Fusión
3,17,24,29,39,4.261428571428572,Fusión
4,23,24,29,39,4.261097883597883,Fusión
10,22,23,27,29,4.2596175523349435,Fusión
3,10,17,24,29,4.259047619047619,Fusión
4,10,23,24,29,4.258716931216931,Fusión
3,4,8,23,29,4.258323045267489,Fusión
3,16,17,27,31,4.258281573498965,Fusión
4,16,23,27,31,4.257950885668277,Fusión
4,17,29,31,39,4.256547619047619,Fusión
4,16,27,29,39,4.255781573498965,Fusión
3,4,24,27,31,4.255424430641822,Fusión
3,23,24,29,39,4.255026455026455,Fusión
4,17,24,27,39,4.254472049689441,Fusión
4,10,17,29,31,4.254166666666666,Fusión
4,10,16,27,29,4.253400621118012,Fusión
3,10,23,24,29,4.252645502645502,Fusión
4,10,17,24,27,4.252091097308488,Fusión
3,16,23,27,31,4.251879457096848,Fusión
3,4,8,17,27,4.251697211359047,Fusión
24,27,29,31,34,4.251406573498965,Fusión
16,17,23,27,39,4.2509270761444675,Fusión
16,17,24,29,31,4.2508333333333335,Fusión
3,17,29,31,39,4.25047619047619,Fusión
4,23,29,31,39,4.250145502645503,Fusión
3,16,27,29,39,4.249710144927536,Fusión
22,24,27,29,31,4.2488768115942035,Fusión
10,16,17,23,27,4.248546123763515,Fusión
3,17,24,27,39,4.248400621118012,Fusión
3,10,17,29,31,4.248095238095238,Fusión
4,23,24,27,39,4.248069933287325,Fusión
4,10,23,29,31,4.2477645502645505,Fusión
8,17,27,29,34,4.24767935421619,Fusión
3,4,17,29,34,4.24764880952381,Fusión
3,10,16,27,29,4.247329192546584,Fusión
3,10,17,24,27,4.24601966873706,Fusión
4,10,23,24,27,4.2456889809063725,Fusión
3,4,8,23,27,4.245295094956931,Fusión
8,17,22,27,29,4.245149592311428,Fusión
3,4,17,22,29,4.245119047619047,Fusión
16,23,24,29,31,4.244431216931217,Fusión
4,8,17,24,29,4.244248971193415,Fusión
3,23,29,31,39,4.244074074074074,Fusión
4,17,27,31,39,4.24351966873706,Fusión
3,23,24,27,39,4.241998504715896,Fusión
3,10,23,29,31,4.241693121693122,Fusión
8,23,27,29,34,4.2412772378140735,Fusión
3,4,23,29,34,4.241246693121693,Fusión
4,10,17,27,31,4.241138716356108,Fusión
10,17,23,29,39,4.2407407407407405,Fusión
8,16,17,23,29,4.240703997648442,Fusión
3,10,23,24,27,4.239617552334944,Fusión
8,22,23,27,29,4.238747475909312,Fusión
3,4,22,23,29,4.238716931216931,Fusión
3,8,17,24,29,4.238177542621987,Fusión
4,8,23,24,29,4.237846854791299,Fusión
16,17,24,27,31,4.237805383022774,Fusión
3,17,27,31,39,4.237448240165632,Fusión
4,23,27,31,39,4.237117552334944,Fusión
3,10,17,27,31,4.23506728778468,Fusión
4,10,23,27,31,4.234736599953991,Fusión
3,4,17,27,34,4.23462085921325,Fusión
4,8,17,29,31,4.233296590241034,Fusión
4,10,27,29,39,4.232567287784679,Fusión
4,8,16,27,29,4.23253054469238,Fusión
3,4,17,22,27,4.232091097308489,Fusión
3,8,23,24,29,4.231775426219871,Fusión
16,23,24,27,31,4.231403266620658,Fusión
4,8,17,24,27,4.231221020882857,Fusión
3,23,27,31,39,4.231046123763515,Fusión
17,24,29,31,39,4.23,Fusión
16,24,27,29,39,4.229233954451346,Fusión
3,10,23,27,31,4.228665171382563,Fusión
3,4,23,27,34,4.228218742811134,Fusión
17,22,27,29,34,4.228073240165632,Fusión
10,17,23,27,39,4.227712790430182,Fusión
8,16,17,23,27,4.227676047337883,Fusión
3,4,16,17,23,4.227645502645503,Fusión
10,17,24,29,31,4.227619047619048,Fusión
3,8,17,29,31,4.2272251616696055,Fusión
4,17,24,29,34,4.227172619047619,Fusión
4,8,23,29,31,4.226894473838918,Fusión
10,16,24,27,29,4.226853002070394,Fusión
3,10,27,29,39,4.226495859213251,Fusión
3,8,16,27,29,4.226459116120951,Fusión
3,4,22,23,27,4.225688980906372,Fusión
3,8,17,24,27,4.225149592311428,Fusión
4,8,23,24,27,4.22481890448074,Fusión
4,17,22,24,29,4.224642857142857,Fusión
16,17,23,29,34,4.223627645502646,Fusión
23,24,29,31,39,4.223597883597884,Fusión
22,23,27,29,34,4.221671123763515,Fusión
10,23,24,29,31,4.221216931216931,Fusión
3,17,24,29,34,4.22110119047619,Fusión
16,17,22,23,29,4.221097883597884,Fusión
3,8,23,29,31,4.2208230452674895,Fusión
4,23,24,29,34,4.220770502645503,Fusión
4,8,17,27,31,4.220268639930476,Fusión
8,17,23,29,39,4.219870664315109,Fusión
3,8,23,24,27,4.2187474759093115,Fusión
3,17,22,24,29,4.218571428571429,Fusión
16,27,29,31,39,4.218281573498965,Fusión
4,22,23,24,29,4.2182407407407405,Fusión
8,10,17,23,29,4.217489711934157,Fusión
17,24,27,31,39,4.216972049689441,Fusión
4,17,29,31,34,4.216220238095238,Fusión
10,16,27,29,31,4.215900621118013,Fusión
4,16,27,29,34,4.215454192546583,Fusión
3,23,24,29,34,4.214699074074074,Fusión
10,17,24,27,31,4.214591097308489,Fusión
3,8,17,27,31,4.214197211359047,Fusión
4,17,24,27,34,4.2141446687370605,Fusión
4,8,23,27,31,4.213866523528359,Fusión
4,17,22,29,31,4.213690476190476,Fusión
4,16,22,27,29,4.212924430641822,Fusión
3,22,23,24,29,4.212169312169312,Fusión
4,8,27,29,39,4.211697211359047,Fusión
4,17,22,24,27,4.211614906832298,Fusión
16,17,23,27,34,4.210599695192086,Fusión
23,24,27,31,39,4.210569933287325,Fusión
3,17,29,31,34,4.210148809523809,Fusión
4,23,29,31,34,4.209818121693122,Fusión
3,16,27,29,34,4.209382763975155,Fusión
4,8,10,27,29,4.209316258978094,Fusión
10,23,24,27,31,4.208188980906373,Fusión
3,17,24,27,34,4.208073240165632,Fusión
16,17,22,23,27,4.208069933287325,Fusión
3,8,23,27,31,4.20779509495693,Fusión
4,23,24,27,34,4.207742552334944,Fusión
3,17,22,29,31,4.207619047619048,Fusión
4,22,23,29,31,4.20728835978836,Fusión
4,16,17,23,24,4.207169312169312,Fusión
3,16,22,27,29,4.206853002070393,Fusión
8,17,23,27,39,4.20684271400455,Fusión
3,4,17,23,39,4.206812169312169,Fusión
8,17,24,29,31,4.206748971193416,Fusión
10,24,27,29,39,4.20601966873706,Fusión
8,16,24,27,29,4.205982925644761,Fusión
3,4,16,24,29,4.205952380952381,Fusión
3,8,27,29,39,4.205625782787618,Fusión
3,17,22,24,27,4.20554347826087,Fusión
4,22,23,24,27,4.205212790430182,Fusión
8,10,17,23,27,4.204461761623597,Fusión
3,4,10,17,23,4.204431216931217,Fusión
3,23,29,31,34,4.203746693121693,Fusión
3,8,10,27,29,4.203244830406666,Fusión
4,17,27,31,34,4.203192287784679,Fusión
17,23,29,34,39,4.2027943121693125,Fusión
3,23,24,27,34,4.201671123763515,Fusión
3,22,23,29,31,4.201216931216932,Fusión
3,16,17,23,24,4.201097883597884,Fusión
4,17,22,27,31,4.200662525879918,Fusión
10,17,23,29,34,4.20041335978836,Fusión
8,23,24,29,31,4.200346854791299,Fusión
17,22,23,29,39,4.20026455026455,Fusión
3,22,23,24,27,4.199141361858754,Fusión
10,17,22,23,29,4.197883597883598,Fusión
3,17,27,31,34,4.197120859213251,Fusión
4,23,27,31,34,4.196790171382562,Fusión
4,16,17,23,31,4.196216931216931,Fusión
10,27,29,31,39,4.1950672877846795,Fusión
8,16,27,29,31,4.19503054469238,Fusión
3,4,16,29,31,4.194999999999999,Fusión
4,27,29,34,39,4.19462085921325,Fusión
3,17,22,27,31,4.194591097308489,Fusión
4,22,23,27,31,4.194260409477801,Fusión
4,16,17,29,39,4.194047619047619,Fusión
8,17,24,27,31,4.193721020882856,Fusión
3,4,17,24,31,4.1936904761904765,Fusión
3,4,16,24,27,4.192924430641822,Fusión
4,10,27,29,34,4.192239906832298,Fusión
4,22,27,29,39,4.192091097308489,Fusión
4,10,16,17,29,4.191666666666666,Fusión
3,23,27,31,34,4.190718742811134,Fusión
3,16,17,23,31,4.190145502645502,Fusión
17,23,27,34,39,4.189766361858753,Fusión
4,10,22,27,29,4.1897101449275365,Fusión
17,24,29,31,34,4.189672619047619,Fusión
16,24,27,29,34,4.188906573498965,Fusión
3,27,29,34,39,4.188549430641822,Fusión
3,22,23,27,31,4.188188980906372,Fusión
3,16,17,29,39,4.18797619047619,Fusión
4,16,23,29,39,4.187645502645503,Fusión
10,17,23,27,34,4.187385409477801,Fusión
8,23,24,27,31,4.18731890448074,Fusión
3,4,23,24,31,4.18728835978836,Fusión
17,22,23,27,39,4.187236599953992,Fusión
17,22,24,29,31,4.187142857142858,Fusión
16,22,24,27,29,4.1863768115942035,Fusión
4,17,23,24,39,4.186335978835979,Fusión
3,10,27,29,34,4.1861684782608695,Fusión
3,22,27,29,39,4.18601966873706,Fusión
3,10,16,17,29,4.185595238095238,Fusión
4,10,16,23,29,4.1852645502645505,Fusión
8,24,27,29,39,4.185149592311428,Fusión
3,4,24,29,39,4.185119047619048,Fusión
10,17,22,23,27,4.184855647573039,Fusión
4,10,17,23,24,4.183955026455027,Fusión
3,10,22,27,29,4.183638716356108,Fusión
3,4,8,17,23,4.183561140505585,Fusión
23,24,29,31,34,4.183270502645502,Fusión
8,10,24,27,29,4.182768639930476,Fusión
3,4,10,24,29,4.182738095238095,Fusión
3,4,16,27,31,4.181972049689441,Fusión
3,16,23,29,39,4.181574074074074,Fusión
4,16,17,27,39,4.18101966873706,Fusión
22,23,24,29,31,4.180740740740741,Fusión
3,17,23,24,39,4.180264550264551,Fusión
8,17,23,29,34,4.179543283362728,Fusión
3,10,16,23,29,4.179193121693122,Fusión
4,10,16,17,27,4.178638716356108,Fusión
16,27,29,31,34,4.177954192546584,Fusión
3,10,17,23,24,4.177883597883598,Fusión
8,17,22,23,29,4.177013521457966,Fusión
17,24,27,31,34,4.17664466873706,Fusión
16,22,27,29,31,4.175424430641822,Fusión
4,17,23,31,39,4.175383597883598,Fusión
3,16,17,27,39,4.174948240165632,Fusión
4,16,23,27,39,4.174617552334944,Fusión
4,16,24,29,31,4.1745238095238095,Fusión
8,27,29,31,39,4.174197211359047,Fusión
3,4,29,31,39,4.174166666666666,Fusión
17,22,24,27,31,4.1741149068322985,Fusión
4,10,17,23,31,4.173002645502645,Fusión
3,10,16,17,27,4.17256728778468,Fusión
4,10,16,23,27,4.172236599953991,Fusión
3,4,24,27,39,4.172091097308488,Fusión
8,10,27,29,31,4.171816258978095,Fusión
3,4,10,29,31,4.171785714285714,Fusión
4,8,27,29,34,4.171369830406666,Fusión
4,10,17,29,39,4.170833333333333,Fusión
4,8,16,17,29,4.170796590241034,Fusión
23,24,27,31,34,4.170242552334944,Fusión
3,4,10,24,27,4.169710144927536,Fusión
16,17,23,24,31,4.1696693121693125,Fusión
3,17,23,31,39,4.169312169312169,Fusión
4,8,22,27,29,4.168840068501904,Fusión
3,16,23,27,39,4.168546123763515,Fusión
3,16,24,29,31,4.168452380952381,Fusión
24,27,29,34,39,4.168073240165632,Fusión
22,23,24,27,31,4.1677127904301825,Fusión
16,17,24,29,39,4.1675,Fusión
3,10,17,23,31,4.166931216931217,Fusión
8,17,23,27,34,4.166515333052169,Fusión
3,4,17,23,34,4.166484788359789,Fusión
3,10,16,23,27,4.166165171382563,Fusión
10,24,27,29,34,4.16569228778468,Fusión
22,24,27,29,39,4.16554347826087,Fusión
3,8,27,29,34,4.165298401835238,Fusión
10,16,17,24,29,4.165119047619048,Fusión
3,10,17,29,39,4.164761904761905,Fusión
3,8,16,17,29,4.1647251616696055,Fusión
4,10,23,29,39,4.1644312169312165,Fusión
4,8,16,23,29,4.164394473838918,Fusión
8,17,22,23,27,4.163985571147407,Fusión
3,4,17,22,23,4.163955026455026,Fusión
10,22,24,27,29,4.163162525879917,Fusión
4,8,17,23,24,4.163084950029394,Fusión
3,8,22,27,29,4.1627686399304755,Fusión
3,4,8,24,29,4.161868018812463,Fusión
4,16,24,27,31,4.16149585921325,Fusión
3,4,27,31,39,4.161138716356108,Fusión
16,23,24,29,39,4.161097883597884,Fusión
17,22,23,29,34,4.159937169312169,Fusión
3,4,10,27,31,4.158757763975156,Fusión
10,16,23,24,29,4.158716931216931,Fusión
3,10,23,29,39,4.158359788359788,Fusión
3,8,16,23,29,4.1583230452674895,Fusión
4,10,17,27,39,4.157805383022774,Fusión
4,8,16,17,27,4.157768639930476,Fusión
27,29,31,34,39,4.157120859213251,Fusión
3,8,17,23,24,4.157013521457966,Fusión
16,17,29,31,39,4.156547619047619,Fusión
3,16,24,27,31,4.155424430641822,Fusión
10,27,29,31,34,4.154739906832298,Fusión
22,27,29,31,39,4.154591097308489,Fusión
16,17,24,27,39,4.154472049689441,Fusión
10,16,17,29,31,4.154166666666667,Fusión
4,16,17,29,34,4.153720238095238,Fusión
4,24,29,31,39,4.1536904761904765,Fusión
10,22,27,29,31,4.152210144927537,Fusión
4,8,17,23,31,4.152132569077013,Fusión
10,16,17,24,27,4.152091097308489,Fusión
4,22,27,29,34,4.151763716356108,Fusión
3,10,17,27,39,4.151733954451346,Fusión
3,8,16,17,27,4.151697211359047,Fusión
4,10,23,27,39,4.151403266620658,Fusión
4,8,16,23,27,4.151366523528359,Fusión
4,10,24,29,31,4.151309523809524,Fusión
4,16,17,22,29,4.151190476190476,Fusión
3,4,8,29,31,4.1509156378600816,Fusión
16,23,29,31,39,4.150145502645502,Fusión
4,8,17,29,39,4.149963256907701,Fusión
3,4,8,24,27,4.1488400685019045,Fusión
17,23,24,31,39,4.148835978835979,Fusión
16,23,24,27,39,4.148069933287325,Fusión
10,16,23,29,31,4.14776455026455,Fusión
3,16,17,29,34,4.147648809523809,Fusión
3,24,29,31,39,4.147619047619048,Fusión
4,8,10,17,29,4.147582304526749,Fusión
4,16,23,29,34,4.147318121693122,Fusión
17,22,23,27,34,4.146909219001611,Fusión
10,17,23,24,31,4.146455026455027,Fusión
3,8,17,23,31,4.1460611405055845,Fusión
4,17,23,24,34,4.146008597883598,Fusión
3,22,27,29,34,4.145692287784679,Fusión
10,16,23,24,27,4.145688980906373,Fusión
3,10,23,27,39,4.14533183804923,Fusión
3,8,16,23,27,4.14529509495693,Fusión
3,10,24,29,31,4.145238095238096,Fusión
3,16,17,22,29,4.145119047619048,Fusión
8,24,27,29,34,4.144822211359047,Fusión
3,4,24,29,34,4.144791666666666,Fusión
4,16,22,23,29,4.14478835978836,Fusión
10,17,24,29,39,4.144285714285714,Fusión
8,16,17,24,29,4.144248971193416,Fusión
3,8,17,29,39,4.1438918283362725,Fusión
4,8,23,29,39,4.143561140505585,Fusión
16,17,27,31,39,4.14351966873706,Fusión
4,17,22,23,24,4.143478835978836,Fusión
8,22,24,27,29,4.142292449454286,Fusión
3,4,22,24,29,4.142261904761905,Fusión
3,8,10,17,29,4.14151087595532,Fusión
3,16,23,29,34,4.141246693121693,Fusión
4,8,10,23,29,4.141180188124633,Fusión
10,16,17,27,31,4.1411387163561075,Fusión
4,16,17,27,34,4.140692287784679,Fusión
4,24,27,31,39,4.140662525879917,Fusión
3,17,23,24,34,4.139937169312169,Fusión
3,16,22,23,29,4.138716931216932,Fusión
4,10,24,27,31,4.138281573498965,Fusión
4,16,17,22,27,4.138162525879918,Fusión
3,4,8,27,31,4.137887687549523,Fusión
10,23,24,29,39,4.137883597883598,Fusión
8,16,23,24,29,4.137846854791299,Fusión
3,8,23,29,39,4.1374897119341565,Fusión
3,17,22,23,24,4.137407407407408,Fusión
16,23,27,31,39,4.137117552334944,Fusión
4,8,17,27,39,4.136935306597143,Fusión
3,8,10,23,29,4.135108759553204,Fusión
4,17,23,31,34,4.135056216931217,Fusión
10,16,23,27,31,4.134736599953992,Fusión
3,16,17,27,34,4.134620859213251,Fusión
3,24,27,31,39,4.134591097308489,Fusión
4,8,10,17,27,4.13455435421619,Fusión
4,16,23,27,34,4.134290171382562,Fusión
8,27,29,31,34,4.133869830406667,Fusión
3,4,29,31,34,4.133839285714285,Fusión
10,17,29,31,39,4.133333333333334,Fusión
8,16,17,29,31,4.133296590241034,Fusión
4,17,29,34,39,4.132886904761905,Fusión
10,16,27,29,39,4.1325672877846795,Fusión
4,17,22,23,31,4.132526455026455,Fusión
3,10,24,27,31,4.132210144927536,Fusión
3,16,17,22,27,4.132091097308489,Fusión
3,4,24,27,34,4.131763716356108,Fusión
4,16,22,23,27,4.131760409477801,Fusión
8,22,27,29,31,4.131340068501904,Fusión
3,4,22,29,31,4.131309523809524,Fusión
10,17,24,27,39,4.131257763975156,Fusión
8,16,17,24,27,4.131221020882856,Fusión
3,4,16,17,24,4.1311904761904765,Fusión
3,8,17,27,39,4.130863878025714,Fusión
4,8,23,27,39,4.130533190195026,Fusión
4,10,17,29,34,4.130505952380952,Fusión
4,8,24,29,31,4.130439447383892,Fusión
4,17,22,29,39,4.130357142857143,Fusión
3,4,22,24,27,4.129233954451346,Fusión
3,17,23,31,34,4.128984788359788,Fusión
3,8,10,17,27,4.128482925644762,Fusión
3,16,23,27,34,4.128218742811134,Fusión
4,8,10,23,27,4.128152237814073,Fusión
4,10,17,22,29,4.127976190476191,Fusión
16,17,24,29,34,4.127172619047619,Fusión
10,23,29,31,39,4.126931216931217,Fusión
8,16,23,29,31,4.1268944738389175,Fusión
3,17,29,34,39,4.126815476190476,Fusión
4,23,29,34,39,4.126484788359789,Fusión
3,17,22,23,31,4.126455026455027,Fusión
3,16,22,23,27,4.125688980906372,Fusión
8,17,23,24,31,4.125584950029395,Fusión
22,24,27,29,34,4.125216097308488,Fusión
10,23,24,27,39,4.124855647573039,Fusión
8,16,23,24,27,4.12481890448074,Fusión
3,4,16,23,24,4.12478835978836,Fusión
16,17,22,24,29,4.124642857142858,Fusión
3,8,23,27,39,4.124461761623597,Fusión
3,10,17,29,34,4.124434523809524,Fusión
3,8,24,29,31,4.124368018812463,Fusión
3,17,22,29,39,4.1242857142857146,Fusión
4,10,23,29,34,4.124103835978836,Fusión
4,22,23,29,39,4.123955026455026,Fusión
8,17,24,29,39,4.123415637860083,Fusión
3,8,10,23,27,4.122080809242645,Fusión
3,10,17,22,29,4.121904761904762,Fusión
4,10,22,23,29,4.121574074074074,Fusión
8,10,17,24,29,4.12103468547913,Fusión
3,4,27,31,34,4.120811335403727,Fusión
16,23,24,29,34,4.120770502645502,Fusión
3,23,29,34,39,4.12041335978836,Fusión
10,17,27,31,39,4.1203053830227745,Fusión
8,16,17,27,31,4.120268639930475,Fusión
3,4,16,17,31,4.120238095238095,Fusión
4,17,27,34,39,4.119858954451346,Fusión
3,4,22,27,31,4.118281573498965,Fusión
16,22,23,24,29,4.118240740740741,Fusión
3,10,23,29,34,4.118032407407408,Fusión
3,22,23,29,39,4.117883597883598,Fusión
4,10,17,27,34,4.117478002070394,Fusión
4,8,24,27,31,4.117411497073332,Fusión
4,17,22,27,39,4.117329192546584,Fusión
8,23,24,29,39,4.117013521457966,Fusión
16,17,29,31,34,4.116220238095238,Fusión
3,10,22,23,29,4.115502645502645,Fusión
4,10,17,22,27,4.114948240165631,Fusión
8,10,23,24,29,4.114632569077013,Fusión
22,27,29,31,34,4.114263716356108,Fusión
16,17,24,27,34,4.11414466873706,Fusión
10,23,27,31,39,4.1139032666206585,Fusión
8,16,23,27,31,4.113866523528359,Fusión
3,4,16,23,31,4.113835978835978,Fusión
3,17,27,34,39,4.113787525879918,Fusión
16,17,22,29,31,4.1136904761904765,Fusión
4,23,27,34,39,4.113456838049229,Fusión
4,24,29,31,34,4.113363095238095,Fusión
4,16,17,23,39,4.112883597883598,Fusión
8,17,29,31,39,4.112463256907701,Fusión
8,16,27,29,39,4.111697211359047,Fusión
3,4,16,29,39,4.111666666666666,Fusión
16,17,22,24,27,4.1116149068322985,Fusión
3,10,17,27,34,4.111406573498965,Fusión
3,8,24,27,31,4.111340068501904,Fusión
3,17,22,27,39,4.111257763975155,Fusión
4,10,23,27,34,4.111075885668277,Fusión
4,22,23,27,39,4.110927076144468,Fusión
4,22,24,29,31,4.110833333333334,Fusión
4,10,16,17,23,4.110502645502645,Fusión
8,17,24,27,39,4.110387687549523,Fusión
3,4,17,24,39,4.110357142857143,Fusión
8,10,17,29,31,4.110082304526749,Fusión
16,23,29,31,34,4.109818121693121,Fusión
4,8,17,29,34,4.109635875955321,Fusión
8,10,16,27,29,4.109316258978095,Fusión
3,4,10,16,29,4.109285714285714,Fusión
3,10,17,22,27,4.108876811594203,Fusión
4,10,22,23,27,4.1085461237635155,Fusión
17,23,24,31,34,4.108508597883598,Fusión
8,10,17,24,27,4.108006735168571,Fusión
3,4,10,17,24,4.10797619047619,Fusión
16,23,24,27,34,4.107742552334944,Fusión
3,23,27,34,39,4.107385409477801,Fusión
3,24,29,31,34,4.107291666666667,Fusión
16,22,23,29,31,4.10728835978836,Fusión
4,8,17,22,29,4.107106114050558,Fusión
3,16,17,23,39,4.106812169312169,Fusión
17,24,29,34,39,4.106339285714286,Fusión
8,23,29,31,39,4.1060611405055845,Fusión
17,22,23,24,31,4.105978835978837,Fusión
16,22,23,24,27,4.1052127904301825,Fusión
3,10,23,27,34,4.1050044570968485,Fusión
3,22,23,27,39,4.104855647573039,Fusión
3,22,24,29,31,4.104761904761905,Fusión
3,10,16,17,23,4.104431216931217,Fusión
8,23,24,27,39,4.103985571147407,Fusión
10,17,24,29,34,4.103958333333334,Fusión
3,4,23,24,39,4.103955026455027,Fusión
17,22,24,29,39,4.103809523809524,Fusión
8,10,23,29,31,4.103680188124632,Fusión
3,8,17,29,34,4.103564447383892,Fusión
4,8,23,29,34,4.103233759553204,Fusión
16,17,27,31,34,4.103192287784679,Fusión
3,10,22,23,27,4.102474695192087,Fusión
8,10,23,24,27,4.101604618766455,Fusión
3,4,10,23,24,4.101574074074074,Fusión
10,17,22,24,29,4.101428571428571,Fusión
3,8,17,22,29,4.10103468547913,Fusión
4,8,22,23,29,4.100703997648442,Fusión
16,17,22,27,31,4.100662525879917,Fusión
4,24,27,31,34,4.100335144927536,Fusión
23,24,29,34,39,4.099937169312169,Fusión
4,16,17,24,31,4.0997619047619045,Fusión
8,17,27,31,39,4.099435306597142,Fusión
3,4,17,31,39,4.099404761904762,Fusión
3,4,16,27,39,4.098638716356108,Fusión
4,22,24,27,31,4.0978053830227745,Fusión
10,23,24,29,34,4.097556216931217,Fusión
22,23,24,29,39,4.097407407407408,Fusión
3,8,23,29,34,4.097162330981775,Fusión
8,10,17,27,31,4.09705435421619,Fusión
3,4,10,17,31,4.09702380952381,Fusión
16,23,27,31,34,4.096790171382563,Fusión
4,8,17,27,34,4.096607925644761,Fusión
3,4,10,16,27,4.096257763975156,Fusión
17,29,31,34,39,4.095386904761905,Fusión
10,22,23,24,29,4.0950264550264555,Fusión
3,8,22,23,29,4.094632569077014,Fusión
16,27,29,34,39,4.094620859213251,Fusión
3,24,27,31,34,4.0942637163561075,Fusión
16,22,23,27,31,4.094260409477801,Fusión
4,8,17,22,27,4.09407816374,Fusión
3,16,17,24,31,4.093690476190476,Fusión
4,16,23,24,31,4.0933597883597885,Fusión
17,24,27,34,39,4.093311335403727,Fusión
8,23,27,31,39,4.093033190195026,Fusión
10,17,29,31,34,4.0930059523809526,Fusión
3,4,23,31,39,4.093002645502645,Fusión
17,22,29,31,39,4.092857142857143,Fusión
10,16,27,29,34,4.092239906832298,Fusión
16,22,27,29,39,4.092091097308489,Fusión
3,22,24,27,31,4.091733954451346,Fusión
4,16,24,29,39,4.0911904761904765,Fusión
10,17,24,27,34,4.090930383022775,Fusión
17,22,24,27,39,4.090781573498965,Fusión
8,10,23,27,31,4.090652237814074,Fusión
3,4,10,23,31,4.090621693121693,Fusión
3,8,17,27,34,4.090536497073333,Fusión
10,17,22,29,31,4.090476190476191,Fusión
4,8,23,27,34,4.090205809242645,Fusión
4,17,22,29,34,4.090029761904762,Fusión
10,16,22,27,29,4.089710144927537,Fusión
4,10,17,23,39,4.089669312169312,Fusión
4,8,16,17,23,4.089632569077013,Fusión
23,29,31,34,39,4.088984788359788,Fusión
4,10,16,24,29,4.088809523809524,Fusión
8,10,27,29,39,4.088482925644762,Fusión
3,4,10,29,39,4.088452380952381,Fusión
3,4,8,16,29,4.0884156378600816,Fusión
10,17,22,24,27,4.088400621118013,Fusión
3,8,17,22,27,4.088006735168571,Fusión
4,8,22,23,27,4.087676047337883,Fusión
3,16,23,24,31,4.08728835978836,Fusión
3,4,8,17,24,4.087106114050559,Fusión
23,24,27,34,39,4.086909219001611,Fusión
10,23,29,31,34,4.086603835978836,Fusión
22,23,29,31,39,4.086455026455027,Fusión
16,17,23,24,39,4.086335978835979,Fusión
3,16,24,29,39,4.085119047619048,Fusión
10,23,24,27,34,4.084528266620659,Fusión
22,23,24,27,39,4.084379457096849,Fusión
3,8,23,27,34,4.084134380671217,Fusión
10,22,23,29,31,4.084074074074074,Fusión
3,17,22,29,34,4.083958333333333,Fusión
10,16,17,23,24,4.083955026455027,Fusión
4,22,23,29,34,4.083627645502645,Fusión
3,10,17,23,39,4.083597883597884,Fusión
3,8,16,17,23,4.0835611405055845,Fusión
8,17,24,29,34,4.083088256907701,Fusión
3,10,16,24,29,4.082738095238096,Fusión
17,27,31,34,39,4.082358954451346,Fusión
10,22,23,24,27,4.081998504715896,Fusión
3,8,22,23,27,4.0816046187664545,Fusión
3,4,8,23,24,4.080703997648442,Fusión
8,17,22,24,29,4.08055849500294,Fusión
4,16,29,31,39,4.080238095238095,Fusión
10,17,27,31,34,4.079978002070393,Fusión
17,22,27,31,39,4.079829192546584,Fusión
4,17,24,31,39,4.0789285714285715,Fusión
4,16,24,27,39,4.078162525879917,Fusión
4,10,16,29,31,4.077857142857143,Fusión
3,22,23,29,34,4.0775562169312165,Fusión
10,17,22,27,31,4.077448240165632,Fusión
4,17,22,27,34,4.077001811594203,Fusión
8,23,24,29,34,4.076686140505585,Fusión
4,10,17,24,31,4.076547619047619,Fusión
3,4,8,17,31,4.076153733098177,Fusión
23,27,31,34,39,4.07595683804923,Fusión
4,10,16,24,27,4.075781573498965,Fusión
3,4,10,27,39,4.075424430641822,Fusión
3,4,8,16,27,4.075387687549523,Fusión
16,17,23,31,39,4.075383597883598,Fusión
3,16,29,31,39,4.074166666666667,Fusión
8,22,23,24,29,4.074156378600823,Fusión
10,23,27,31,34,4.073575885668277,Fusión
22,23,27,31,39,4.073427076144468,Fusión
10,16,17,23,31,4.073002645502646,Fusión
3,17,24,31,39,4.072857142857143,Fusión
4,16,17,23,34,4.072556216931217,Fusión
4,23,24,31,39,4.0725264550264555,Fusión
8,17,29,31,34,4.072135875955321,Fusión
3,16,24,27,39,4.072091097308489,Fusión
3,10,16,29,31,4.071785714285714,Fusión
10,27,29,34,39,4.071406573498965,Fusión
8,16,27,29,34,4.071369830406667,Fusión
3,4,16,29,34,4.071339285714285,Fusión
10,22,23,27,31,4.071046123763516,Fusión
3,17,22,27,34,4.070930383022774,Fusión
10,16,17,29,39,4.070833333333334,Fusión
4,22,23,27,34,4.070599695192087,Fusión
3,10,17,24,31,4.070476190476191,Fusión
4,10,23,24,31,4.070145502645503,Fusión
8,17,24,27,34,4.070060306597143,Fusión
3,4,17,24,34,4.070029761904762,Fusión
4,16,17,22,23,4.070026455026455,Fusión
3,4,8,23,31,4.069751616696061,Fusión
3,10,16,24,27,4.069710144927536,Fusión
8,17,22,29,31,4.069606114050559,Fusión
10,22,27,29,39,4.068876811594203,Fusión
8,16,22,27,29,4.068840068501904,Fusión
3,4,16,22,29,4.068809523809524,Fusión
4,8,17,23,39,4.06879923574368,Fusión
4,10,24,29,39,4.06797619047619,Fusión
4,8,16,24,29,4.067939447383892,Fusión
3,4,8,29,39,4.0675823045267485,Fusión
8,17,22,24,27,4.067530544692381,Fusión
3,4,17,22,24,4.0675,Fusión
4,16,27,31,39,4.067210144927536,Fusión
3,16,17,23,34,4.066484788359788,Fusión
3,23,24,31,39,4.066455026455027,Fusión
4,8,10,17,23,4.066418283362728,Fusión
8,23,29,31,34,4.065733759553204,Fusión
3,4,8,10,29,4.065201352145796,Fusión
4,10,16,27,31,4.064829192546584,Fusión
3,22,23,27,34,4.064528266620658,Fusión
10,16,23,29,39,4.064431216931217,Fusión
3,10,23,24,31,4.064074074074075,Fusión
3,16,17,22,23,4.063955026455027,Fusión
8,23,24,27,34,4.063658190195026,Fusión
3,4,23,24,34,4.063627645502645,Fusión
17,22,24,29,34,4.063482142857143,Fusión
8,22,23,29,31,4.063203997648442,Fusión
10,17,23,24,39,4.063121693121693,Fusión
8,16,17,23,24,4.063084950029395,Fusión
3,8,17,23,39,4.0627278071722515,Fusión
3,10,24,29,39,4.061904761904762,Fusión
3,8,16,24,29,4.061868018812463,Fusión
3,16,27,31,39,4.0611387163561075,Fusión
8,22,23,24,27,4.061128428290265,Fusión
3,4,22,23,24,4.061097883597884,Fusión
3,8,10,17,23,4.060346854791299,Fusión
8,17,27,31,34,4.059107925644762,Fusión
3,4,17,31,34,4.059077380952381,Fusión
3,10,16,27,31,4.058757763975155,Fusión
3,4,16,27,34,4.058311335403727,Fusión
10,16,17,27,39,4.0578053830227745,Fusión
22,23,24,29,34,4.057080026455027,Fusión
4,10,29,31,39,4.05702380952381,Fusión
4,8,16,29,31,4.05698706643151,Fusión
8,17,22,27,31,4.056578163739999,Fusión
3,4,17,22,31,4.0565476190476195,Fusión
3,4,16,22,27,4.055781573498965,Fusión
4,8,17,24,31,4.055677542621987,Fusión
4,10,24,27,39,4.054948240165632,Fusión
4,8,16,24,27,4.054911497073332,Fusión
3,4,8,27,39,4.05455435421619,Fusión
16,24,29,31,39,4.053690476190476,Fusión
8,23,27,31,34,4.052705809242646,Fusión
3,4,23,31,34,4.052675264550264,Fusión
17,22,29,31,34,4.052529761904762,Fusión
3,4,8,10,27,4.052173401835238,Fusión
10,17,23,31,39,4.052169312169313,Fusión
8,16,17,23,31,4.052132569077013,Fusión
16,22,27,29,34,4.051763716356108,Fusión
4,17,23,34,39,4.051722883597884,Fusión
10,16,23,27,39,4.0514032666206585,Fusión
10,16,24,29,31,4.051309523809524,Fusión
3,10,29,31,39,4.050952380952381,Fusión
3,8,16,29,31,4.050915637860082,Fusión
4,16,24,29,34,4.050863095238095,Fusión
8,27,29,34,39,4.050536497073333,Fusión
3,4,29,34,39,4.050505952380952,Fusión
17,22,24,27,34,4.050454192546584,Fusión
8,22,23,27,31,4.050176047337883,Fusión
3,4,22,23,31,4.050145502645503,Fusión
8,16,17,29,39,4.049963256907701,Fusión
3,8,17,24,31,4.049606114050558,Fusión
4,10,17,23,34,4.049341931216931,Fusión
4,8,23,24,31,4.049275426219871,Fusión
4,17,22,23,39,4.049193121693122,Fusión
3,10,24,27,39,4.048876811594203,Fusión
3,8,16,24,27,4.048840068501904,Fusión
4,16,22,24,29,4.048333333333334,Fusión
8,10,27,29,34,4.0481555446923805,Fusión
3,4,10,29,34,4.048125,Fusión
8,22,27,29,39,4.048006735168571,Fusión
3,4,22,29,39,4.047976190476191,Fusión
8,10,16,17,29,4.047582304526749,Fusión
4,8,24,29,39,4.047106114050559,Fusión
4,10,17,22,23,4.04681216931217,Fusión
22,23,29,31,34,4.046127645502645,Fusión
16,17,23,24,34,4.046008597883598,Fusión
3,17,23,34,39,4.045651455026455,Fusión
8,10,22,27,29,4.045625782787619,Fusión
3,4,10,22,29,4.045595238095238,Fusión
3,16,24,29,34,4.044791666666667,Fusión
4,8,10,24,29,4.044725161669606,Fusión
22,23,24,27,34,4.044052076144467,Fusión
4,10,27,31,39,4.0439958592132506,Fusión
4,8,16,27,31,4.043959116120951,Fusión
8,16,23,29,39,4.0435611405055845,Fusión
16,17,22,23,24,4.043478835978837,Fusión
3,10,17,23,34,4.043270502645503,Fusión
3,8,23,24,31,4.043203997648442,Fusión
3,17,22,23,39,4.043121693121694,Fusión
3,16,22,24,29,4.042261904761905,Fusión
8,17,23,24,39,4.042251616696062,Fusión
8,10,16,23,29,4.041180188124632,Fusión
3,8,24,29,39,4.04103468547913,Fusión
3,10,17,22,23,4.040740740740741,Fusión
16,24,27,31,39,4.040662525879918,Fusión
4,16,29,31,34,4.039910714285714,Fusión
8,10,17,23,24,4.039870664315109,Fusión
17,22,27,31,34,4.039501811594203,Fusión
3,8,10,24,29,4.038653733098178,Fusión
4,17,24,31,34,4.03860119047619,Fusión
10,16,24,27,31,4.038281573498965,Fusión
3,10,27,31,39,4.037924430641822,Fusión
3,8,16,27,31,4.037887687549523,Fusión
4,16,24,27,34,4.037835144927536,Fusión
3,4,27,34,39,4.037478002070394,Fusión
4,16,22,29,31,4.0373809523809525,Fusión
8,16,17,27,39,4.036935306597142,Fusión
3,4,16,17,39,4.036904761904762,Fusión
4,8,29,31,39,4.036153733098177,Fusión
4,17,22,24,31,4.036071428571429,Fusión
4,16,22,24,27,4.0353053830227745,Fusión
3,4,10,27,34,4.035097049689441,Fusión
16,17,23,31,34,4.035056216931217,Fusión
3,4,22,27,39,4.034948240165631,Fusión
8,10,16,17,27,4.03455435421619,Fusión
3,4,10,16,17,4.03452380952381,Fusión
4,8,24,27,39,4.034078163739999,Fusión
3,16,29,31,34,4.0338392857142855,Fusión
4,8,10,29,31,4.033772780717225,Fusión
22,23,27,31,34,4.033099695192087,Fusión
16,17,29,34,39,4.032886904761905,Fusión
3,4,10,22,27,4.032567287784679,Fusión
3,17,24,31,34,4.032529761904762,Fusión
16,17,22,23,31,4.0325264550264555,Fusión
4,23,24,31,34,4.032199074074074,Fusión
3,16,24,27,34,4.0317637163561075,Fusión
4,8,10,24,27,4.031697211359047,Fusión
3,16,22,29,31,4.031309523809524,Fusión
8,17,23,31,39,4.03129923574368,Fusión
22,27,29,34,39,4.030930383022774,Fusión
8,16,23,27,39,4.030533190195026,Fusión
10,16,17,29,34,4.0305059523809526,Fusión
3,4,16,23,39,4.030502645502645,Fusión
10,24,29,31,39,4.0304761904761905,Fusión
8,16,24,29,31,4.030439447383891,Fusión
16,17,22,29,39,4.030357142857143,Fusión
3,8,29,31,39,4.030082304526749,Fusión
4,24,29,34,39,4.030029761904762,Fusión
3,17,22,24,31,4.03,Fusión
4,22,23,24,31,4.029669312169313,Fusión
3,16,22,24,27,4.029233954451346,Fusión
8,10,17,23,31,4.028918283362728,Fusión
10,22,27,29,34,4.028549430641822,Fusión
4,8,17,23,34,4.0284718547913,Fusión
8,10,16,23,27,4.028152237814074,Fusión
3,4,10,16,23,4.028121693121693,Fusión
3,8,24,27,39,4.028006735168571,Fusión
10,16,17,22,29,4.027976190476191,Fusión
3,8,10,29,31,4.0277013521457965,Fusión
4,10,24,29,34,4.02764880952381,Fusión
4,22,24,29,39,4.0275,Fusión
3,4,8,29,34,4.027254923574368,Fusión
4,16,27,31,34,4.026882763975155,Fusión
8,10,17,29,39,4.026748971193416,Fusión
16,23,29,34,39,4.026484788359788,Fusión
3,23,24,31,34,4.026127645502646,Fusión
4,8,17,22,23,4.025942092886537,Fusión
3,8,10,24,27,4.0256257827876185,Fusión
17,23,24,34,39,4.025175264550265,Fusión
4,10,22,24,29,4.0251190476190475,Fusión
3,4,8,22,29,4.024725161669606,Fusión
4,16,22,27,31,4.024353002070393,Fusión
10,16,23,29,34,4.024103835978836,Fusión
3,24,29,34,39,4.023958333333334,Fusión
16,22,23,29,39,4.023955026455027,Fusión
3,22,23,24,31,4.023597883597884,Fusión
4,8,27,31,39,4.023125782787618,Fusión
10,17,23,24,34,4.022794312169313,Fusión
17,22,23,24,39,4.022645502645503,Fusión
3,8,17,23,34,4.022400426219871,Fusión
3,10,24,29,34,4.021577380952381,Fusión
10,16,22,23,29,4.021574074074074,Fusión
3,22,24,29,39,4.021428571428571,Fusión
3,16,27,31,34,4.020811335403726,Fusión
4,8,10,27,31,4.020744830406666,Fusión
8,10,23,29,39,4.020346854791299,Fusión
10,17,22,23,24,4.02026455026455,Fusión
3,8,17,22,23,4.019870664315109,Fusión
16,17,27,34,39,4.019858954451346,Fusión
4,29,31,34,39,4.019077380952381,Fusión
3,10,22,24,29,4.019047619047619,Fusión
3,16,22,27,31,4.018281573498965,Fusión
10,16,17,27,34,4.017478002070393,Fusión
10,24,27,31,39,4.017448240165632,Fusión
8,16,24,27,31,4.017411497073333,Fusión
3,4,16,24,31,4.017380952380952,Fusión
16,17,22,27,39,4.017329192546584,Fusión
3,8,27,31,39,4.01705435421619,Fusión
4,24,27,34,39,4.017001811594203,Fusión
4,10,29,31,34,4.016696428571429,Fusión
4,22,29,31,39,4.0165476190476195,Fusión
4,16,17,24,39,4.0164285714285715,Fusión
10,16,17,22,27,4.014948240165632,Fusión
3,8,10,27,31,4.014673401835237,Fusión
4,10,24,27,34,4.014620859213251,Fusión
4,22,24,27,39,4.0144720496894415,Fusión
3,4,8,27,34,4.014226973263809,Fusión
17,23,31,34,39,4.014222883597884,Fusión
4,10,22,29,31,4.014166666666667,Fusión
4,10,16,17,24,4.014047619047619,Fusión
8,10,17,27,39,4.013721020882857,Fusión
3,4,10,17,39,4.013690476190476,Fusión
3,4,8,16,17,4.013653733098177,Fusión
16,23,27,34,39,4.01345683804923,Fusión
16,24,29,31,34,4.013363095238095,Fusión
3,29,31,34,39,4.0130059523809525,Fusión
4,10,22,24,27,4.012091097308489,Fusión
10,17,23,31,34,4.011841931216932,Fusión
3,4,8,22,27,4.011697211359047,Fusión
17,22,23,31,39,4.011693121693122,Fusión
10,16,23,27,34,4.011075885668277,Fusión
3,24,27,34,39,4.0109303830227745,Fusión
16,22,23,27,39,4.010927076144468,Fusión
16,22,24,29,31,4.010833333333333,Fusión
3,10,29,31,34,4.010625,Fusión
3,22,29,31,39,4.010476190476191,Fusión
3,16,17,24,39,4.010357142857143,Fusión
4,16,23,24,39,4.0100264550264555,Fusión
10,17,29,34,39,4.0096726190476195,Fusión
8,16,17,29,34,4.009635875955321,Fusión
8,24,29,31,39,4.009606114050558,Fusión
10,17,22,23,31,4.00931216931217,Fusión
4,17,22,23,34,4.008865740740741,Fusión
3,10,24,27,34,4.008549430641822,Fusión
10,16,22,23,27,4.008546123763516,Fusión
3,22,24,27,39,4.008400621118013,Fusión
3,10,22,29,31,4.008095238095239,Fusión
3,10,16,17,24,4.007976190476191,Fusión
8,22,27,29,34,4.00767935421619,Fusión
3,4,22,29,34,4.007648809523809,Fusión
4,10,16,23,24,4.007645502645503,Fusión
8,10,23,27,39,4.007318904480741,Fusión
3,4,10,23,39,4.00728835978836,Fusión
3,4,8,16,23,4.007251616696061,Fusión
8,10,24,29,31,4.007225161669606,Fusión
10,17,22,29,39,4.007142857142857,Fusión
8,16,17,22,29,4.007106114050559,Fusión
4,8,24,29,34,4.0067787330981774,Fusión
4,27,31,34,39,4.006049430641822,Fusión
3,10,22,24,27,4.006019668737061,Fusión
4,16,17,31,39,4.00547619047619,Fusión
4,8,22,24,29,4.004248971193416,Fusión
3,16,23,24,39,4.003955026455027,Fusión
4,10,27,31,34,4.003668478260869,Fusión
4,22,27,31,39,4.00351966873706,Fusión
10,23,29,34,39,4.003270502645503,Fusión
8,16,23,29,34,4.003233759553204,Fusión
4,10,16,17,31,4.003095238095238,Fusión
3,17,22,23,34,4.002794312169312,Fusión
8,17,23,24,34,4.00192423574368,Fusión
3,10,16,23,24,4.001574074074075,Fusión
4,10,22,27,31,4.001138716356108,Fusión
10,22,23,29,39,4.000740740740741,Fusión
3,8,24,29,34,4.000707304526749,Fusión
8,16,22,23,29,4.000703997648442,Fusión
16,24,27,31,34,4.000335144927536,Fusión
3,27,31,34,39,3.9999780020703932,Fusión
3,16,17,31,39,3.9994047619047617,Fusión
8,17,22,23,24,3.999394473838919,Fusión
4,16,23,31,39,3.9990740740740742,Fusión
3,8,22,24,29,3.9981775426219874,Fusión
16,22,24,27,31,3.997805383022775,Fusión
3,10,27,31,34,3.997597049689441,Fusión
3,22,27,31,39,3.9974482401656317,Fusión
3,10,16,17,31,3.9970238095238093,Fusión
4,10,16,23,31,3.996693121693122,Fusión
10,17,27,34,39,3.9966446687370603,Fusión
8,16,17,27,34,3.9966079256447613,Fusión
8,24,27,31,39,3.99657816374,Fusión
3,4,16,17,34,3.996577380952381,Fusión
3,4,24,31,39,3.996547619047619,Fusión
4,8,29,31,34,3.9958263521457966,Fusión
3,10,22,27,31,3.9950672877846793,Fusión
3,4,22,27,34,3.99462085921325,Fusión
4,10,16,29,39,3.99452380952381,Fusión
8,10,24,27,31,3.994197211359048,Fusión
3,4,10,24,31,3.9941666666666666,Fusión
10,17,22,27,39,3.9941149068322988,Fusión
8,16,17,22,27,3.9940781637399994,Fusión
3,4,16,17,22,3.9940476190476195,Fusión
4,8,24,27,34,3.9937507827876186,Fusión
4,8,22,29,31,3.9932965902410347,Fusión
4,10,17,24,39,3.993214285714286,Fusión
4,8,16,17,24,3.993177542621987,Fusión
3,16,23,31,39,3.9930026455026457,Fusión
3,4,8,17,39,3.9928203997648444,Fusión
24,29,31,34,39,3.9925297619047617,Fusión
4,8,22,24,27,3.9912210208828567,Fusión
8,17,23,31,34,3.9909718547912996,Fusión
3,10,16,23,31,3.9906216931216933,Fusión
3,4,8,10,17,3.990439447383892,Fusión
10,23,27,34,39,3.990242552334944,Fusión
8,16,23,27,34,3.9902058092426453,Fusión
3,4,16,23,34,3.990175264550264,Fusión
10,24,29,31,34,3.9901488095238093,Fusión
16,17,22,29,34,3.990029761904762,Fusión
22,24,29,31,39,3.99,Fusión
3,8,29,31,34,3.989754923574368,Fusión
10,16,17,23,39,3.9896693121693128,Fusión
8,17,29,34,39,3.988802542621987,Fusión
3,10,16,29,39,3.9884523809523813,Fusión
8,17,22,23,31,3.9884420928865376,Fusión
10,22,23,27,39,3.987712790430182,Fusión
3,8,24,27,34,3.98767935421619,Fusión
8,16,22,23,27,3.9876760473378834,Fusión
3,4,16,22,23,3.9876455026455027,Fusión
10,22,24,29,31,3.987619047619048,Fusión
3,8,22,29,31,3.987225161669606,Fusión
4,22,24,29,34,3.9871726190476187,Fusión
3,10,17,24,39,3.9871428571428575,Fusión
3,8,16,17,24,3.9871061140505586,Fusión
4,10,23,24,39,3.9868121693121696,Fusión
4,8,16,23,24,3.986775426219871,Fusión
8,10,17,29,34,3.9864215902410347,Fusión
3,4,8,23,39,3.986418283362728,Fusión
8,17,22,29,39,3.9862727807172256,Fusión
3,8,22,24,27,3.985149592311428,Fusión
3,4,8,10,23,3.9840373309817756,Fusión
8,10,17,22,29,3.983891828336273,Fusión
16,22,23,29,34,3.9836276455026454,Fusión
4,8,27,31,34,3.9827984018352374,Fusión
8,23,29,34,39,3.9824004262198707,Fusión
17,22,23,24,34,3.9823181216931216,Fusión
4,10,17,31,39,3.982261904761905,Fusión
4,8,16,17,31,3.982225161669606,Fusión
4,10,16,27,39,3.9814958592132506,Fusión
3,22,24,29,34,3.98110119047619,Fusión
3,10,23,24,39,3.980740740740741,Fusión
3,8,16,23,24,3.9807039976484426,Fusión
4,8,22,27,31,3.9802686399304754,Fusión
8,10,23,29,34,3.9800194738389183,Fusión
8,22,23,29,39,3.9798706643151087,Fusión
24,27,31,34,39,3.9795018115942034,Fusión
16,17,24,31,39,3.978928571428572,Fusión
8,10,22,23,29,3.9774897119341563,Fusión
10,24,27,31,34,3.977120859213251,Fusión
16,17,22,27,34,3.977001811594203,Fusión
22,24,27,31,39,3.976972049689442,Fusión
3,8,27,31,34,3.976726973263809,Fusión
10,16,17,24,31,3.9765476190476194,Fusión
4,22,29,31,34,3.9762202380952383,Fusión
3,10,17,31,39,3.9761904761904763,Fusión
3,8,16,17,31,3.9761537330981773,Fusión
4,16,17,24,34,3.9761011904761903,Fusión
4,10,23,31,39,3.975859788359789,Fusión
4,8,16,23,31,3.97582304526749,Fusión
8,17,27,34,39,3.9757745923114283,Fusión
3,4,17,34,39,3.9757440476190475,Fusión
3,10,16,27,39,3.975424430641822,Fusión
10,22,24,27,31,3.9745910973084895,Fusión
3,8,22,27,31,3.974197211359047,Fusión
4,22,24,27,34,3.9741446687370603,Fusión
4,8,16,29,39,3.973653733098178,Fusión
4,16,17,22,24,3.9735714285714288,Fusión
8,10,17,27,34,3.973393639930476,Fusión
3,4,10,17,34,3.973363095238095,Fusión
3,4,8,24,31,3.9732965902410347,Fusión
8,17,22,27,39,3.9732448304066663,Fusión
3,4,17,22,39,3.9732142857142856,Fusión
16,23,24,31,39,3.972526455026455,Fusión
4,8,17,24,39,3.972344209288654,Fusión
17,22,23,31,34,3.9713657407407412,Fusión
4,8,10,16,29,3.9712727807172254,Fusión
8,10,17,22,27,3.970863878025714,Fusión
3,4,10,17,22,3.970833333333333,Fusión
16,22,23,27,34,3.970599695192087,Fusión
3,22,29,31,34,3.9701488095238098,Fusión
10,16,23,24,31,3.9701455026455026,Fusión
3,16,17,24,34,3.9700297619047618,Fusión
4,8,10,17,24,3.9699632569077017,Fusión
3,10,23,31,39,3.9697883597883603,Fusión
3,8,16,23,31,3.9697516166960614,Fusión
4,16,23,24,34,3.9696990740740743,Fusión
8,23,27,34,39,3.969372475909312,Fusión
3,4,23,34,39,3.969341931216931,Fusión
8,24,29,31,34,3.9692787330981774,Fusión
17,22,29,34,39,3.9691964285714283,Fusión
8,16,17,23,39,3.9687992357436808,Fusión
3,22,24,27,34,3.968073240165632,Fusión
10,16,24,29,39,3.9679761904761905,Fusión
3,8,16,29,39,3.9675823045267493,Fusión
3,16,17,22,24,3.9675000000000002,Fusión
4,16,22,23,24,3.967169312169313,Fusión
8,10,23,27,34,3.9669915235283595,Fusión
3,4,10,23,34,3.9669609788359788,Fusión
8,22,23,27,39,3.9668427140045504,Fusión
10,17,22,29,34,3.966815476190476,Fusión
3,4,22,23,39,3.9668121693121696,Fusión
8,22,24,29,31,3.9667489711934154,Fusión
8,10,16,17,23,3.9664182833627284,Fusión
3,8,17,24,39,3.9662727807172256,Fusión
4,8,23,24,39,3.9659420928865377,Fusión
3,8,10,16,29,3.965201352145797,Fusión
4,16,17,31,34,3.965148809523809,Fusión
8,10,22,23,27,3.964461761623598,Fusión
3,4,10,22,23,3.9644312169312173,Fusión
3,8,10,17,24,3.963891828336273,Fusión
3,16,23,24,34,3.963627645502646,Fusión
4,8,10,23,24,3.9635611405055853,Fusión
4,22,27,31,34,3.963192287784679,Fusión
22,23,29,34,39,3.9627943121693123,Fusión
4,16,17,22,31,3.9626190476190475,Fusión
4,8,17,31,39,3.961391828336273,Fusión
3,16,22,23,24,3.9610978835978843,Fusión
4,8,16,27,39,3.9606257827876186,Fusión
10,22,23,29,34,3.96041335978836,Fusión
3,8,23,24,39,3.959870664315109,Fusión
3,16,17,31,34,3.9590773809523805,Fusión
4,8,10,17,31,3.9590108759553204,Fusión
4,16,23,31,34,3.958746693121693,Fusión
4,8,10,16,27,3.958244830406666,Fusión
3,8,10,23,24,3.9574897119341568,Fusión
3,22,27,31,34,3.9571208592132505,Fusión
10,16,29,31,39,3.95702380952381,Fusión
4,16,29,34,39,3.956577380952381,Fusión
3,16,17,22,31,3.956547619047619,Fusión
8,24,27,31,34,3.956250782787619,Fusión
3,4,24,31,34,3.956220238095238,Fusión
4,16,22,23,31,3.9562169312169315,Fusión
17,22,27,34,39,3.95616847826087,Fusión
10,17,24,31,39,3.9557142857142864,Fusión
8,16,17,24,31,3.9556775426219875,Fusión
3,8,17,31,39,3.9553203997648443,Fusión
4,17,24,34,39,3.9552678571428572,Fusión
4,8,23,31,39,3.954989711934157,Fusión
10,16,24,27,39,3.954948240165632,Fusión
3,8,16,27,39,3.95455435421619,Fusión
4,10,16,29,34,3.9541964285714286,Fusión
4,16,22,29,39,3.9540476190476195,Fusión
10,17,22,27,34,3.9537875258799176,Fusión
8,22,24,27,31,3.953721020882857,Fusión
3,4,22,24,31,3.9536904761904763,Fusión
3,8,10,17,31,3.952939447383892,Fusión
4,10,17,24,34,3.952886904761905,Fusión
4,17,22,24,39,3.9527380952380957,Fusión
3,16,23,31,34,3.9526752645502645,Fusión
4,8,10,23,31,3.9526087595532045,Fusión
3,4,8,17,34,3.952493018812463,Fusión
3,8,10,16,27,3.9521734018352377,Fusión
16,17,23,34,39,3.951722883597884,Fusión
4,10,16,22,29,3.951666666666667,Fusión
3,16,29,34,39,3.9505059523809525,Fusión
4,8,10,29,39,3.950439447383892,Fusión
4,10,17,22,24,3.9503571428571433,Fusión
3,16,22,23,31,3.950145502645503,Fusión
3,4,8,17,22,3.9499632569077017,Fusión
22,23,27,34,39,3.949766361858753,Fusión
22,24,29,31,34,3.949672619047619,Fusión
10,16,17,23,34,3.9493419312169316,Fusión
10,23,24,31,39,3.9493121693121696,Fusión
8,16,23,24,31,3.9492754262198706,Fusión
3,17,24,34,39,3.9491964285714287,Fusión
16,17,22,23,39,3.9491931216931224,Fusión
3,8,23,31,39,3.9489182833627283,Fusión
4,23,24,34,39,3.948865740740741,Fusión
3,10,16,29,34,3.948125,Fusión
3,16,22,29,39,3.947976190476191,Fusión
10,22,23,27,34,3.9473854094778007,Fusión
8,16,24,29,39,3.9471061140505586,Fusión
3,10,17,24,34,3.9468154761904763,Fusión
10,16,17,22,23,3.94681216931217,Fusión
3,17,22,24,39,3.946666666666667,Fusión
3,8,10,23,31,3.946537330981776,Fusión
4,10,23,24,34,3.9464847883597884,Fusión
4,22,23,24,39,3.946335978835979,Fusión
3,4,8,23,34,3.9460909024103468,Fusión
8,17,22,29,34,3.9459453997648444,Fusión
3,10,16,22,29,3.9455952380952386,Fusión
8,10,17,23,39,3.945584950029395,Fusión
8,10,16,24,29,3.944725161669606,Fusión
3,8,10,29,39,3.9443680188124635,Fusión
4,17,31,34,39,3.944315476190476,Fusión
3,10,17,22,24,3.944285714285715,Fusión
10,16,27,31,39,3.943995859213251,Fusión
4,10,22,23,24,3.9439550264550265,Fusión
3,4,8,22,23,3.943561140505585,Fusión
4,16,27,34,39,3.9435494306418217,Fusión
3,23,24,34,39,3.9427943121693123,Fusión
4,10,17,31,34,3.9419345238095236,Fusión
4,17,22,31,39,3.9417857142857144,Fusión
4,10,16,27,34,3.9411684782608694,Fusión
4,16,22,27,39,3.94101966873706,Fusión
3,10,23,24,34,3.94041335978836,Fusión
3,22,23,24,39,3.9402645502645504,Fusión
8,22,23,29,34,3.9395432833627275,Fusión
4,10,17,22,31,3.939404761904762,Fusión
4,10,16,22,27,3.938638716356108,Fusión
16,17,24,31,34,3.9386011904761906,Fusión
3,17,31,34,39,3.9382440476190474,Fusión
4,23,31,34,39,3.93791335978836,Fusión
3,10,22,23,24,3.937883597883598,Fusión
3,16,27,34,39,3.9374780020703932,Fusión
4,8,10,27,39,3.937411497073333,Fusión
22,24,27,31,34,3.9366446687370606,Fusión
8,16,29,31,39,3.936153733098178,Fusión
16,17,22,24,31,3.936071428571429,Fusión
3,10,17,31,34,3.935863095238095,Fusión
3,17,22,31,39,3.935714285714286,Fusión
4,10,23,31,34,3.9355324074074076,Fusión
4,22,23,31,39,3.9353835978835985,Fusión
3,10,16,27,34,3.935097049689441,Fusión
3,16,22,27,39,3.9349482401656317,Fusión
8,17,24,31,39,3.9348442092886544,Fusión
8,16,24,27,39,3.93407816374,Fusión
3,4,16,24,39,3.934047619047619,Fusión
8,10,16,29,31,3.933772780717226,Fusión
4,10,29,34,39,3.933363095238095,Fusión
3,10,17,22,31,3.9333333333333336,Fusión
4,8,16,29,34,3.9333263521457966,Fusión
4,10,22,23,31,3.933002645502646,Fusión
8,17,22,27,34,3.932917449454285,Fusión
3,4,17,22,34,3.9328869047619044,Fusión
3,10,16,22,27,3.9325672877846793,Fusión
8,10,17,24,31,3.932463256907702,Fusión
16,23,24,31,34,3.9321990740740738,Fusión
4,8,17,24,34,3.932016828336273,Fusión
3,23,31,34,39,3.9318419312169315,Fusión
8,10,16,24,27,3.931697211359048,Fusión
3,4,10,16,24,3.9316666666666666,Fusión
3,8,10,27,39,3.9313400685019046,Fusión
4,10,22,29,39,3.930833333333333,Fusión
4,8,16,22,29,3.9307965902410347,Fusión
16,24,29,34,39,3.9300297619047617,Fusión
16,22,23,24,31,3.9296693121693123,Fusión
4,8,17,22,24,3.929487066431511,Fusión
3,10,23,31,34,3.929460978835979,Fusión
3,22,23,31,39,3.92931216931217,Fusión
10,17,23,34,39,3.928508597883598,Fusión
8,16,17,23,34,3.9284718547912996,Fusión
8,23,24,31,39,3.9284420928865376,Fusión
10,16,24,29,34,3.9276488095238093,Fusión
16,22,24,29,39,3.9275,Fusión
3,10,29,34,39,3.9272916666666666,Fusión
3,8,16,29,34,3.927254923574368,Fusión
3,10,22,23,31,3.9269312169312176,Fusión
8,22,23,27,34,3.926515333052169,Fusión
3,4,22,23,34,3.9264847883597884,Fusión
8,10,23,24,31,3.926061140505585,Fusión
10,17,22,23,39,3.925978835978836,Fusión
3,8,17,24,34,3.9259453997648444,Fusión
8,16,17,22,23,3.9259420928865376,Fusión
4,8,23,24,34,3.9256147119341565,Fusión
10,16,22,24,29,3.925119047619048,Fusión
3,10,22,29,39,3.9247619047619047,Fusión
3,8,16,22,29,3.924725161669606,Fusión
8,10,24,29,39,3.923891828336273,Fusión
3,8,17,22,24,3.9234156378600824,Fusión
8,16,27,31,39,3.923125782787619,Fusión
3,4,16,31,39,3.9230952380952377,Fusión
4,8,22,23,24,3.923084950029395,Fusión
4,8,17,31,34,3.9210644473838916,Fusión
8,10,16,27,31,3.9207448304066665,Fusión
3,4,10,16,31,3.9207142857142854,Fusión
4,10,27,34,39,3.9203351449275363,Fusión
4,8,16,27,34,3.9202984018352374,Fusión
4,10,16,17,39,3.919761904761905,Fusión
3,8,23,24,34,3.919543283362728,Fusión
16,29,31,34,39,3.9190773809523813,Fusión
4,8,17,22,31,3.9185346854791296,Fusión
4,10,22,27,39,3.917805383022775,Fusión
4,8,16,22,27,3.9177686399304754,Fusión
17,24,31,34,39,3.9177678571428576,Fusión
3,8,22,23,24,3.9170135214579664,Fusión
16,24,27,34,39,3.9170018115942034,Fusión
10,16,29,31,34,3.916696428571429,Fusión
16,22,29,31,39,3.91654761904762,Fusión
10,17,24,31,34,3.915386904761905,Fusión
17,22,24,31,39,3.915238095238096,Fusión
3,8,17,31,34,3.914993018812463,Fusión
4,8,23,31,34,3.9146623309817756,Fusión
10,16,24,27,34,3.914620859213251,Fusión
16,22,24,27,39,3.914472049689442,Fusión
3,10,27,34,39,3.914263716356108,Fusión
3,8,16,27,34,3.914226973263809,Fusión
10,16,22,29,31,3.9141666666666675,Fusión
4,16,22,29,34,3.9137202380952383,Fusión
3,10,16,17,39,3.9136904761904763,Fusión
4,10,16,23,39,3.913359788359789,Fusión
8,10,29,31,39,3.9129394473838923,Fusión
10,17,22,24,31,3.9128571428571437,Fusión
4,8,29,34,39,3.912493018812463,Fusión
3,8,17,22,31,3.912463256907701,Fusión
4,17,22,24,34,3.9124107142857145,Fusión
4,8,22,23,31,3.9121325690770137,Fusión
10,16,22,24,27,3.9120910973084895,Fusión
3,10,22,27,39,3.9117339544513463,Fusión
3,8,16,22,27,3.911697211359047,Fusión
23,24,31,34,39,3.9113657407407407,Fusión
8,10,24,27,39,3.9108638780257143,Fusión
3,4,10,24,39,3.9108333333333336,Fusión
3,4,8,16,24,3.9107965902410347,Fusión
4,8,10,29,34,3.9101120664315108,Fusión
4,8,22,29,39,3.9099632569077016,Fusión
10,23,24,31,34,3.9089847883597884,Fusión
16,17,22,23,34,3.9088657407407412,Fusión
22,23,24,31,39,3.908835978835979,Fusión
3,8,23,31,34,3.908590902410347,Fusión
3,16,22,29,34,3.9076488095238098,Fusión
8,17,23,34,39,3.907638521457966,Fusión
4,8,10,22,29,3.9075823045267493,Fusión
3,10,16,23,39,3.9072883597883603,Fusión
10,24,29,34,39,3.9068154761904763,Fusión
8,16,24,29,34,3.9067787330981774,Fusión
10,22,23,24,31,3.906455026455027,Fusión
3,8,29,34,39,3.9064215902410346,Fusión
3,17,22,24,34,3.906339285714286,Fusión
3,8,22,23,31,3.906061140505585,Fusión
16,27,31,34,39,3.906049430641822,Fusión
4,22,23,24,34,3.9060085978835977,Fusión
8,10,17,23,34,3.9052575690770137,Fusión
8,17,22,23,39,3.9051087595532046,Fusión
10,22,24,29,39,3.904285714285715,Fusión
8,16,22,24,29,3.9042489711934154,Fusión
3,8,10,29,34,3.9040406378600823,Fusión
3,8,22,29,39,3.903891828336273,Fusión
10,16,27,31,34,3.9036684782608697,Fusión
16,22,27,31,39,3.9035196687370606,Fusión
8,10,17,22,23,3.902727807172252,Fusión
4,16,24,31,39,3.902619047619048,Fusión
3,8,10,22,29,3.9015108759553208,Fusión
4,17,22,31,34,3.9014583333333333,Fusión
10,16,22,27,31,3.901138716356108,Fusión
4,16,22,27,34,3.900692287784679,Fusión
4,10,16,24,31,3.9002380952380955,Fusión
3,22,23,24,34,3.899937169312169,Fusión
8,10,27,31,39,3.899911497073333,Fusión
3,4,10,31,39,3.8998809523809523,Fusión
3,4,8,16,31,3.8998442092886534,Fusión
4,8,27,34,39,3.8994650685019043,Fusión
4,8,16,17,39,3.898891828336273,Fusión
4,8,10,27,34,3.897084116120952,Fusión
4,8,22,27,39,3.8969353065971424,Fusión
3,16,24,31,39,3.8965476190476194,Fusión
4,8,10,16,17,3.8965108759553204,Fusión
10,29,31,34,39,3.8958630952380955,Fusión
8,16,29,31,34,3.895826352145797,Fusión
3,17,22,31,34,3.8953869047619047,Fusión
4,22,23,31,34,3.8950562169312173,Fusión
3,16,22,27,34,3.8946208592132505,Fusión
4,8,10,22,27,3.89455435421619,Fusión
8,17,24,31,34,3.894516828336273,Fusión
3,10,16,24,31,3.894166666666667,Fusión
10,24,27,34,39,3.8937875258799175,Fusión
8,16,24,27,34,3.893750782787619,Fusión
3,4,16,24,34,3.893720238095238,Fusión
3,8,27,34,39,3.893393639930476,Fusión
10,22,29,31,39,3.8933333333333335,Fusión
8,16,22,29,31,3.893296590241035,Fusión
10,16,17,24,39,3.8932142857142864,Fusión
4,22,29,34,39,3.8928869047619044,Fusión
3,8,16,17,39,3.8928203997648443,Fusión
4,8,16,23,39,3.892489711934157,Fusión
8,17,22,24,31,3.8919870664315113,Fusión
10,22,24,27,39,3.8912577639751555,Fusión
8,16,22,24,27,3.891221020882857,Fusión
3,4,16,22,24,3.8911904761904763,Fusión
3,8,10,27,34,3.8910126875495235,Fusión
3,8,22,27,39,3.890863878025714,Fusión
4,10,22,29,34,3.890505952380952,Fusión
3,8,10,16,17,3.890439447383892,Fusión
4,8,10,16,23,3.8901087595532045,Fusión
3,4,8,24,39,3.8899632569077016,Fusión
3,22,23,31,34,3.888984788359789,Fusión
3,8,10,22,27,3.8884829256447615,Fusión
8,23,24,31,34,3.8881147119341564,Fusión
17,22,23,34,39,3.8880324074074073,Fusión
3,4,8,10,24,3.8875823045267492,Fusión
16,22,24,29,34,3.887172619047619,Fusión
3,22,29,34,39,3.886815476190476,Fusión
10,16,23,24,39,3.8868121693121696,Fusión
3,8,16,23,39,3.8864182833627283,Fusión
8,24,29,34,39,3.8859453997648443,Fusión
10,17,22,23,34,3.885651455026455,Fusión
8,22,23,24,31,3.8855849500293944,Fusión
3,10,22,29,34,3.8844345238095235,Fusión
3,8,10,16,23,3.884037330981776,Fusión
8,10,24,29,34,3.883564447383892,Fusión
8,22,24,29,39,3.8834156378600824,Fusión
10,27,31,34,39,3.8828351449275362,Fusión
8,16,27,31,34,3.8827984018352377,Fusión
3,4,16,31,34,3.8827678571428565,Fusión
10,16,17,31,39,3.882261904761905,Fusión
4,16,17,34,39,3.881815476190476,Fusión
8,10,22,24,29,3.88103468547913,Fusión
10,22,27,31,39,3.8803053830227743,Fusión
8,16,22,27,31,3.8802686399304758,Fusión
3,4,16,22,31,3.880238095238095,Fusión
4,22,27,34,39,3.879858954451346,Fusión
4,10,16,17,34,3.8794345238095236,Fusión
4,10,24,31,39,3.8794047619047625,Fusión
4,8,16,24,31,3.8793680188124635,Fusión
4,16,17,22,39,3.8792857142857144,Fusión
3,4,8,31,39,3.8790108759553203,Fusión
4,10,22,27,34,3.8774780020703936,Fusión
4,10,16,17,22,3.876904761904762,Fusión
3,4,8,10,31,3.876629923574368,Fusión
16,22,29,31,34,3.8762202380952386,Fusión
10,16,23,31,39,3.8758597883597887,Fusión
3,16,17,34,39,3.8757440476190474,Fusión
4,8,10,17,39,3.8756775426219874,Fusión
4,16,23,34,39,3.87541335978836,Fusión
8,29,31,34,39,3.8749930188124635,Fusión
17,22,24,31,34,3.874910714285715,Fusión
16,22,24,27,34,3.8741446687370606,Fusión
3,22,27,34,39,3.8737875258799175,Fusión
3,10,16,17,34,3.873363095238095,Fusión
3,10,24,31,39,3.873333333333334,Fusión
3,8,16,24,31,3.873296590241035,Fusión
3,16,17,22,39,3.873214285714286,Fusión
4,10,16,23,34,3.8730324074074076,Fusión
8,24,27,34,39,3.8729174494542855,Fusión
3,4,24,34,39,3.872886904761905,Fusión
4,16,22,23,39,3.8728835978835985,Fusión
8,10,29,31,34,3.872612066431511,Fusión
8,22,29,31,39,3.872463256907702,Fusión
8,16,17,24,39,3.8723442092886544,Fusión
3,10,22,27,34,3.871406573498965,Fusión
3,10,16,17,22,3.8708333333333336,Fusión
8,10,24,27,34,3.870536497073333,Fusión
3,4,10,24,34,3.8705059523809524,Fusión
4,10,16,22,23,3.870502645502646,Fusión
8,22,24,27,39,3.870387687549524,Fusión
3,4,22,24,39,3.8703571428571433,Fusión
8,10,22,29,31,3.8700823045267496,Fusión
8,10,16,17,24,3.869963256907702,Fusión
4,8,22,29,34,3.8696358759553204,Fusión
3,8,10,17,39,3.869606114050559,Fusión
3,16,23,34,39,3.8693419312169315,Fusión
4,8,10,23,39,3.869275426219871,Fusión
22,23,24,31,34,3.868508597883598,Fusión
8,10,22,24,27,3.8680067351685716,Fusión
3,4,10,22,24,3.867976190476191,Fusión
3,10,16,23,34,3.866960978835979,Fusión
3,16,22,23,39,3.86681216931217,Fusión
22,24,29,34,39,3.866339285714286,Fusión
8,16,23,24,39,3.8659420928865376,Fusión
8,17,22,23,34,3.8647813786008234,Fusión
3,10,16,22,23,3.8644312169312176,Fusión
10,22,24,29,34,3.8639583333333336,Fusión
3,8,22,29,34,3.863564447383892,Fusión
8,10,16,23,24,3.863561140505585,Fusión
3,8,10,23,39,3.8632039976484425,Fusión
16,22,27,31,34,3.8631922877846794,Fusión
4,16,24,31,34,3.8622916666666667,Fusión
8,27,31,34,39,3.8619650685019042,Fusión
3,4,31,34,39,3.8619345238095235,Fusión
8,16,17,31,39,3.861391828336273,Fusión
4,16,22,24,31,3.859761904761905,Fusión
8,10,27,31,34,3.859584116120952,Fusión
3,4,10,31,34,3.859553571428571,Fusión
8,22,27,31,39,3.8594353065971427,Fusión
3,4,22,31,39,3.859404761904762,Fusión
8,10,16,17,31,3.8590108759553208,Fusión
4,10,17,34,39,3.8586011904761905,Fusión
4,8,16,17,34,3.8585644473838916,Fusión
4,8,24,31,39,3.8585346854791305,Fusión
8,10,22,27,31,3.8570543542161904,Fusión
3,4,10,22,31,3.8570238095238096,Fusión
4,8,22,27,34,3.856607925644761,Fusión
3,16,24,31,34,3.856220238095238,Fusión
4,8,10,24,31,3.856153733098178,Fusión
4,10,17,22,39,3.856071428571429,Fusión
4,8,16,17,22,3.8560346854791296,Fusión
22,29,31,34,39,3.8553869047619047,Fusión
16,17,24,34,39,3.8552678571428576,Fusión
8,16,23,31,39,3.8549897119341567,Fusión
3,16,22,24,31,3.8536904761904767,Fusión
22,24,27,34,39,3.8533113354037267,Fusión
10,22,29,31,34,3.8530059523809523,Fusión
10,16,17,24,34,3.852886904761905,Fusión
16,17,22,24,39,3.852738095238096,Fusión
8,10,16,23,31,3.8526087595532044,Fusión
3,10,17,34,39,3.852529761904762,Fusión
3,8,16,17,34,3.852493018812463,Fusión
3,8,24,31,39,3.852463256907702,Fusión
4,10,23,34,39,3.852199074074074,Fusión
4,8,16,23,34,3.8521623309817756,Fusión
10,22,24,27,34,3.8509303830227744,Fusión
3,8,22,27,34,3.8505364970733327,Fusión
8,10,16,29,39,3.8504394473838923,Fusión
10,16,17,22,24,3.8503571428571437,Fusión
3,8,10,24,31,3.8500823045267496,Fusión
3,10,17,22,39,3.8500000000000005,Fusión
3,8,16,17,22,3.849963256907701,Fusión
4,10,22,23,39,3.849669312169312,Fusión
3,4,8,24,34,3.8496358759553204,Fusión
4,8,16,22,23,3.8496325690770137,Fusión
8,10,17,24,39,3.8491299235743686,Fusión
16,23,24,34,39,3.8488657407407407,Fusión
3,4,8,22,24,3.8471061140505585,Fusión
10,16,23,24,34,3.8464847883597884,Fusión
16,22,23,24,39,3.846335978835979,Fusión
3,10,23,34,39,3.8461276455026456,Fusión
3,8,16,23,34,3.846090902410347,Fusión
16,17,31,34,39,3.8443154761904763,Fusión
10,16,22,23,24,3.843955026455027,Fusión
3,10,22,23,39,3.8435978835978837,Fusión
3,8,16,22,23,3.843561140505585,Fusión
8,22,24,29,34,3.843088256907701,Fusión
8,10,23,24,39,3.842727807172252,Fusión
22,27,31,34,39,3.8423589544513455,Fusión
10,16,17,31,34,3.841934523809524,Fusión
16,17,22,31,39,3.841785714285715,Fusión
4,24,31,34,39,3.8414583333333336,Fusión
10,22,27,31,34,3.839978002070393,Fusión
10,16,17,22,31,3.8394047619047624,Fusión
4,10,24,31,34,3.8390773809523813,Fusión
4,16,17,22,34,3.8389583333333333,Fusión
4,22,24,31,39,3.838928571428572,Fusión
3,4,8,31,34,3.838683495002939,Fusión
8,10,17,31,39,3.8381775426219873,Fusión
16,23,31,34,39,3.83791335978836,Fusión
4,8,17,34,39,3.8377311140505586,Fusión
8,10,16,27,39,3.837411497073333,Fusión
3,4,10,16,39,3.8373809523809523,Fusión
4,10,22,24,31,3.8365476190476198,Fusión
3,4,8,22,31,3.836153733098177,Fusión
10,16,23,31,34,3.8355324074074075,Fusión
3,24,31,34,39,3.835386904761905,Fusión
16,22,23,31,39,3.835383597883598,Fusión
4,8,10,17,34,3.835350161669606,Fusión
4,8,17,22,39,3.8352013521457966,Fusión
10,16,29,34,39,3.8333630952380955,Fusión
3,10,24,31,34,3.8330059523809528,Fusión
10,16,22,23,31,3.8330026455026456,Fusión
3,16,17,22,34,3.8328869047619047,Fusión
3,22,24,31,39,3.8328571428571436,Fusión
4,8,10,17,22,3.8328203997648442,Fusión
4,16,22,23,34,3.8325562169312173,Fusión
8,22,29,31,34,3.832135875955321,Fusión
10,17,24,34,39,3.8320535714285717,Fusión
8,16,17,24,34,3.832016828336273,Fusión
8,10,23,31,39,3.831775426219871,Fusión
3,8,17,34,39,3.83165968547913,Fusión
4,8,23,34,39,3.831328997648442,Fusión
10,16,22,29,39,3.8308333333333335,Fusión
3,10,22,24,31,3.8304761904761913,Fusión
8,22,24,27,34,3.830060306597143,Fusión
3,4,22,24,34,3.830029761904762,Fusión
10,17,22,24,39,3.8295238095238098,Fusión
8,16,17,22,24,3.8294870664315113,Fusión
3,8,10,17,34,3.8292787330981777,Fusión
3,8,17,22,39,3.829129923574368,Fusión
4,8,10,23,34,3.8289480452674898,Fusión
4,8,22,23,39,3.8287992357436806,Fusión
3,8,10,17,22,3.8267489711934157,Fusión
3,16,22,23,34,3.826484788359789,Fusión
4,8,10,22,23,3.8264182833627283,Fusión
10,23,24,34,39,3.8256514550264553,Fusión
8,16,23,24,34,3.8256147119341564,Fusión
3,8,23,34,39,3.8252575690770136,Fusión
10,22,23,24,39,3.823121693121694,Fusión
8,16,22,23,24,3.8230849500293944,Fusión
3,8,10,23,34,3.8228766166960613,Fusión
3,8,22,23,39,3.822727807172252,Fusión
10,17,31,34,39,3.8211011904761905,Fusión
8,16,17,31,34,3.821064447383892,Fusión
3,8,10,22,23,3.8203468547912998,Fusión
10,16,27,34,39,3.8203351449275362,Fusión
8,22,27,31,34,3.8191079256447615,Fusión
3,4,22,31,34,3.819077380952381,Fusión
10,17,22,31,39,3.8185714285714285,Fusión
8,16,17,22,31,3.81853468547913,Fusión
4,8,24,31,34,3.8182073045267493,Fusión
4,17,22,34,39,3.818125,Fusión
10,16,22,27,39,3.8178053830227743,Fusión
4,10,16,24,39,3.8169047619047625,Fusión
3,4,8,16,39,3.8165108759553203,Fusión
4,10,17,22,34,3.815744047619048,Fusión
4,8,22,24,31,3.8156775426219873,Fusión
10,23,31,34,39,3.814699074074074,Fusión
8,16,23,31,34,3.8146623309817755,Fusión
3,4,8,10,16,3.814129923574368,Fusión
8,16,29,34,39,3.8124930188124635,Fusión
16,17,22,24,34,3.812410714285715,Fusión
10,22,23,31,39,3.8121693121693125,Fusión
3,8,24,31,34,3.8121358759553208,Fusión
8,16,22,23,31,3.812132569077014,Fusión
3,17,22,34,39,3.8120535714285717,Fusión
4,22,23,34,39,3.8117228835978834,Fusión
8,17,24,34,39,3.8111834950029397,Fusión
3,10,16,24,39,3.810833333333334,Fusión
8,10,16,29,34,3.810112066431511,Fusión
8,16,22,29,39,3.809963256907702,Fusión
3,10,17,22,34,3.8096726190476193,Fusión
3,8,22,24,31,3.809606114050559,Fusión
4,10,22,23,34,3.809341931216931,Fusión
8,10,17,24,34,3.8088025426219874,Fusión
8,17,22,24,39,3.8086537330981782,Fusión
8,10,16,22,29,3.8075823045267496,Fusión
8,10,17,22,24,3.806272780717226,Fusión
16,22,23,24,34,3.806008597883598,Fusión
4,10,16,31,39,3.805952380952381,Fusión
3,22,23,34,39,3.805651455026455,Fusión
8,23,24,34,39,3.8047813786008233,Fusión
3,10,22,23,34,3.8032705026455025,Fusión
8,10,23,24,34,3.802400426219871,Fusión
8,22,23,24,39,3.8022516166960614,Fusión
16,17,22,31,34,3.8014583333333336,Fusión
8,17,31,34,39,3.8002311140505585,Fusión
3,10,16,31,39,3.7998809523809527,Fusión
8,10,22,23,24,3.799870664315109,Fusión
8,16,27,34,39,3.7994650685019042,Fusión
3,4,16,34,39,3.7994345238095235,Fusión
4,22,24,31,34,3.798601190476191,Fusión
8,10,17,31,34,3.797850161669606,Fusión
8,17,22,31,39,3.797701352145797,Fusión
8,10,16,27,34,3.797084116120952,Fusión
3,4,10,16,34,3.797053571428571,Fusión
8,16,22,27,39,3.7969353065971427,Fusión
3,4,16,22,39,3.796904761904762,Fusión
4,8,16,24,39,3.7960346854791305,Fusión
8,10,17,22,31,3.7953203997648446,Fusión
16,22,23,31,34,3.7950562169312168,Fusión
4,8,17,22,34,3.7948739711934154,Fusión
8,10,16,22,27,3.7945543542161904,Fusión
3,4,10,16,22,3.7945238095238096,Fusión
8,23,31,34,39,3.793828997648442,Fusión
4,8,10,16,24,3.793653733098178,Fusión
3,4,8,10,39,3.793296590241035,Fusión
16,22,29,34,39,3.7928869047619047,Fusión
3,22,24,31,34,3.7925297619047624,Fusión
17,22,24,34,39,3.791577380952381,Fusión
8,10,23,31,34,3.7914480452674897,Fusión
8,22,23,31,39,3.79129923574368,Fusión
10,16,22,29,34,3.7905059523809523,Fusión
3,8,16,24,39,3.789963256907702,Fusión
8,10,29,34,39,3.7892787330981776,Fusión
10,17,22,24,34,3.7891964285714286,Fusión
8,10,22,23,31,3.7889182833627277,Fusión
3,8,17,22,34,3.788802542621987,Fusión
4,8,22,23,34,3.7884718547912994,Fusión
3,8,10,16,24,3.7875823045267496,Fusión
8,10,22,29,39,3.7867489711934157,Fusión
22,23,24,34,39,3.785175264550265,Fusión
4,8,16,31,39,3.785082304526749,Fusión
10,22,23,24,34,3.7827943121693126,Fusión
4,8,10,16,31,3.782701352145797,Fusión
3,8,22,23,34,3.782400426219871,Fusión
17,22,31,34,39,3.7806249999999997,Fusión
16,22,27,34,39,3.7798589544513455,Fusión
10,16,24,31,39,3.779404761904762,Fusión
3,8,16,31,39,3.7790108759553207,Fusión
4,16,24,34,39,3.7789583333333336,Fusión
10,17,22,31,34,3.7782440476190473,Fusión
10,16,22,27,34,3.777478002070393,Fusión
3,8,10,16,31,3.7766299235743683,Fusión
4,10,16,24,34,3.7765773809523813,Fusión
4,16,22,24,39,3.776428571428572,Fusión
8,10,27,34,39,3.776250782787619,Fusión
3,4,10,34,39,3.776220238095238,Fusión
3,4,8,16,34,3.776183495002939,Fusión
8,10,16,17,39,3.7756775426219873,Fusión
22,23,31,34,39,3.7742228835978837,Fusión
4,10,16,22,24,3.7740476190476198,Fusión
8,10,22,27,39,3.7737210208828573,Fusión
3,4,10,22,39,3.7736904761904766,Fusión
3,4,8,16,22,3.773653733098177,Fusión
3,16,24,34,39,3.772886904761905,Fusión
4,8,10,24,39,3.7728203997648446,Fusión
10,22,23,31,34,3.7718419312169313,Fusión
3,10,16,24,34,3.7705059523809528,Fusión
3,16,22,24,39,3.7703571428571436,Fusión
10,22,29,34,39,3.7696726190476193,Fusión
8,16,22,29,34,3.769635875955321,Fusión
8,10,16,23,39,3.769275426219871,Fusión
8,17,22,24,34,3.768326352145797,Fusión
4,16,31,34,39,3.7680059523809524,Fusión
3,10,16,22,24,3.7679761904761913,Fusión
3,8,10,24,39,3.766748971193416,Fusión
4,10,16,31,34,3.765625,Fusión
4,16,22,31,39,3.765476190476191,Fusión
4,10,16,22,31,3.7630952380952385,Fusión
3,16,31,34,39,3.761934523809524,Fusión
8,22,23,24,34,3.76192423574368,Fusión
4,8,10,31,39,3.761868018812464,Fusión
3,10,16,31,34,3.7595535714285715,Fusión
3,16,22,31,39,3.7594047619047624,Fusión
10,16,17,34,39,3.7586011904761905,Fusión
8,16,24,31,39,3.75853468547913,Fusión
8,17,22,31,34,3.7573739711934158,Fusión
3,10,16,22,31,3.75702380952381,Fusión
10,22,27,34,39,3.75664466873706,Fusión
8,16,22,27,34,3.7566079256447615,Fusión
3,4,16,22,34,3.756577380952381,Fusión
8,10,16,24,31,3.7561537330981776,Fusión
10,16,17,22,39,3.7560714285714285,Fusión
3,8,10,31,39,3.755796590241035,Fusión
4,10,24,34,39,3.755744047619048,Fusión
4,8,16,24,34,3.7557073045267493,Fusión
3,4,8,34,39,3.755350161669606,Fusión
4,10,22,24,39,3.753214285714286,Fusión
4,8,16,22,24,3.7531775426219873,Fusión
3,4,8,10,34,3.7529692092886537,Fusión
3,4,8,22,39,3.752820399764844,Fusión
10,16,23,34,39,3.752199074074074,Fusión
8,22,23,31,34,3.750971854791299,Fusión
3,4,8,10,22,3.750439447383892,Fusión
3,10,24,34,39,3.7496726190476193,Fusión
10,16,22,23,39,3.7496693121693125,Fusión
3,8,16,24,34,3.7496358759553208,Fusión
8,22,29,34,39,3.748802542621987,Fusión
3,10,22,24,39,3.7471428571428573,Fusión
3,8,16,22,24,3.747106114050559,Fusión
8,10,22,29,34,3.7464215902410345,Fusión
4,10,31,34,39,3.744791666666667,Fusión
4,8,16,31,34,3.744754923574368,Fusión
4,10,22,31,39,3.7422619047619055,Fusión
4,8,16,22,31,3.742225161669606,Fusión
16,24,31,34,39,3.741458333333333,Fusión
10,16,24,31,34,3.7390773809523807,Fusión
16,22,24,31,39,3.7389285714285716,Fusión
3,10,31,34,39,3.738720238095238,Fusión
3,8,16,31,34,3.7386834950029395,Fusión
8,16,17,34,39,3.7377311140505585,Fusión
10,16,22,24,31,3.7365476190476192,Fusión
3,10,22,31,39,3.736190476190476,Fusión
3,8,16,22,31,3.7361537330981776,Fusión
4,16,22,24,34,3.736101190476191,Fusión
8,22,27,34,39,3.7357745923114285,Fusión
3,4,22,34,39,3.7357440476190478,Fusión
8,10,16,17,34,3.735350161669606,Fusión
8,10,24,31,39,3.7353203997648445,Fusión
8,16,17,22,39,3.735201352145797,Fusión
4,8,24,34,39,3.734873971193416,Fusión
8,10,22,27,34,3.733393639930476,Fusión
3,4,10,22,34,3.7333630952380954,Fusión
8,10,16,17,22,3.7328203997648446,Fusión
4,8,10,24,34,3.7324930188124634,Fusión
4,8,22,24,39,3.7323442092886543,Fusión
8,16,23,34,39,3.731328997648442,Fusión
3,16,22,24,34,3.7300297619047624,Fusión
4,8,10,22,24,3.729963256907702,Fusión
8,10,16,23,34,3.7289480452674897,Fusión
3,8,24,34,39,3.7288025426219873,Fusión
8,16,22,23,39,3.72879923574368,Fusión
3,8,10,24,34,3.726421590241035,Fusión
8,10,16,22,23,3.7264182833627277,Fusión
3,8,22,24,39,3.726272780717226,Fusión
4,16,22,31,34,3.7251488095238097,Fusión
4,8,31,34,39,3.723921590241035,Fusión
3,8,10,22,24,3.7238918283362734,Fusión
4,8,10,31,34,3.7215406378600826,Fusión
4,8,22,31,39,3.721391828336273,Fusión
3,16,22,31,34,3.719077380952381,Fusión
4,8,10,22,31,3.7190108759553206,Fusión
10,24,31,34,39,3.7182440476190477,Fusión
8,16,24,31,34,3.7182073045267487,Fusión
16,17,22,34,39,3.7181249999999997,Fusión
3,8,31,34,39,3.717850161669606,Fusión
10,16,17,22,34,3.7157440476190473,Fusión
10,22,24,31,39,3.715714285714286,Fusión
8,16,22,24,31,3.715677542621987,Fusión
3,8,10,31,34,3.7154692092886537,Fusión
3,8,22,31,39,3.7153203997648445,Fusión
4,22,24,34,39,3.715267857142857,Fusión
8,10,17,34,39,3.714516828336273,Fusión
3,8,10,22,31,3.712939447383892,Fusión
4,10,22,24,34,3.7128869047619046,Fusión
3,4,8,22,34,3.712493018812463,Fusión
8,10,17,22,39,3.7119870664315116,Fusión
16,22,23,34,39,3.7117228835978837,Fusión
10,16,22,23,34,3.7093419312169313,Fusión
3,22,24,34,39,3.7091964285714285,Fusión
8,10,23,34,39,3.7081147119341566,Fusión
3,10,22,24,34,3.706815476190476,Fusión
8,10,22,23,39,3.7055849500293947,Fusión
4,22,31,34,39,3.7043154761904766,Fusión
4,10,22,31,34,3.7019345238095243,Fusión
4,8,10,16,39,3.699368018812464,Fusión
16,22,24,31,34,3.6986011904761904,Fusión
3,22,31,34,39,3.6982440476190472,Fusión
8,24,31,34,39,3.6973739711934157,Fusión
3,10,22,31,34,3.695863095238095,Fusión
8,10,24,31,34,3.6949930188124633,Fusión
10,17,22,34,39,3.6949107142857143,Fusión
8,16,17,22,34,3.6948739711934158,Fusión
8,22,24,31,39,3.6948442092886538,Fusión
3,8,10,16,39,3.693296590241035,Fusión
8,10,22,24,31,3.6924632569077014,Fusión
4,8,22,24,34,3.692016828336273,Fusión
10,22,23,34,39,3.6885085978835983,Fusión
8,16,22,23,34,3.688471854791299,Fusión
3,8,22,24,34,3.6859453997648446,Fusión
4,10,16,34,39,3.682291666666667,Fusión
4,8,22,31,34,3.681064447383892,Fusión
4,10,16,22,39,3.6797619047619055,Fusión
22,24,31,34,39,3.6777678571428574,Fusión
3,10,16,34,39,3.676220238095238,Fusión
10,22,24,31,34,3.675386904761905,Fusión
3,8,22,31,34,3.6749930188124633,Fusión
8,17,22,34,39,3.6740406378600827,Fusión
3,10,16,22,39,3.673690476190476,Fusión
8,10,16,24,39,3.6728203997648445,Fusión
8,10,17,22,34,3.6716596854791304,Fusión
8,22,23,34,39,3.667638521457966,Fusión
8,10,22,23,34,3.6652575690770135,Fusión
8,10,16,31,39,3.6618680188124637,Fusión
4,8,16,34,39,3.661421590241035,Fusión
4,8,10,16,34,3.6590406378600826,Fusión
4,8,16,22,39,3.658891828336273,Fusión
4,8,10,16,22,3.6565108759553206,Fusión
10,16,24,34,39,3.6557440476190477,Fusión
3,8,16,34,39,3.655350161669606,Fusión
8,22,24,31,34,3.6545168283362726,Fusión
10,16,22,24,39,3.653214285714286,Fusión
3,8,10,16,34,3.6529692092886537,Fusión
3,8,16,22,39,3.6528203997648445,Fusión
3,8,10,16,22,3.650439447383892,Fusión
10,16,31,34,39,3.644791666666667,Fusión
10,16,22,31,39,3.642261904761905,Fusión
4,16,22,34,39,3.6418154761904766,Fusión
4,10,16,22,34,3.6394345238095243,Fusión
4,8,10,34,39,3.638207304526749,Fusión
3,16,22,34,39,3.6357440476190472,Fusión
4,8,10,22,39,3.6356775426219876,Fusión
8,16,24,34,39,3.6348739711934157,Fusión
3,10,16,22,34,3.633363095238095,Fusión
8,10,16,24,34,3.6324930188124633,Fusión
8,16,22,24,39,3.6323442092886538,Fusión
3,8,10,34,39,3.6321358759553206,Fusión
8,10,16,22,24,3.6299632569077014,Fusión
3,8,10,22,39,3.629606114050559,Fusión
8,16,31,34,39,3.623921590241035,Fusión
8,10,16,31,34,3.6215406378600825,Fusión
8,16,22,31,39,3.6213918283362734,Fusión
8,10,16,22,31,3.619010875955321,Fusión
4,10,22,34,39,3.6186011904761903,Fusión
4,8,16,22,34,3.618564447383892,Fusión
16,22,24,34,39,3.6152678571428574,Fusión
10,16,22,24,34,3.612886904761905,Fusión
3,10,22,34,39,3.612529761904762,Fusión
3,8,16,22,34,3.6124930188124633,Fusión
8,10,24,34,39,3.61165968547913,Fusión
8,10,22,24,39,3.6091299235743683,Fusión
16,22,31,34,39,3.604315476190476,Fusión
10,16,22,31,34,3.6019345238095237,Fusión
8,10,31,34,39,3.600707304526749,Fusión
8,10,22,31,39,3.598177542621987,Fusión
4,8,22,34,39,3.597731114050559,Fusión
4,8,10,22,34,3.5953501616696064,Fusión
10,22,24,34,39,3.592053571428571,Fusión
8,16,22,24,34,3.5920168283362726,Fusión
3,8,22,34,39,3.5916596854791303,Fusión
3,8,10,22,34,3.589278733098178,Fusión
10,22,31,34,39,3.5811011904761907,Fusión
8,16,22,31,34,3.581064447383892,Fusión
8,22,24,34,39,3.5711834950029395,Fusión
8,10,22,24,34,3.568802542621987,Fusión
8,22,31,34,39,3.5602311140505583,Fusión
8,10,22,31,34,3.557850161669606,Fusión
8,10,16,34,39,3.538207304526749,Fusión
8,10,16,22,39,3.535677542621987,Fusión
10,16,22,34,39,3.5186011904761907,Fusión
8,16,22,34,39,3.4977311140505583,Fusión
8,10,16,22,34,3.495350161669606,Fusión
8,10,22,34,39,3.474516828336273,Fusión
